tariff_plan_code_from,tariff_plan_code_to,arpu_segment,sample_size,raw_mean_lift,raw_std_lift,median_lift,downsell_rate,flat_rate,upsell_rate,origin_segment_changes,destination_share_among_changers,segment_prior_mean,between_group_variance,posterior_mean_lift,posterior_std_lift,posterior_lower_95,posterior_upper_95,data_weight
tariff_1,tariff_10,HIGH,9,0.17665679,0.55163079,0.08082268,0.33333333,0.33333333,0.33333333,71,0.12676056,-0.12852526,0.0321792,0.02029313,0.12840326,-0.23137726,0.27196352,0.48763808
tariff_1,tariff_10,LOW,14,2.04463673,1.55557601,3.0,0.14285714,0.07142857,0.78571429,235,0.05957447,1.02082216,0.35500524,1.70938903,0.34094916,1.04112867,2.37764939,0.67255038
tariff_1,tariff_10,MID,26,0.88447522,1.22009447,0.83705204,0.23076923,0.07692308,0.69230769,314,0.08280255,0.25725709,0.1628803,0.72134199,0.20582409,0.31792678,1.1247572,0.73990989
tariff_1,tariff_11,HIGH,4,0.02399635,0.35177021,0.18558782,0.25,0.0,0.75,71,0.05633803,-0.12852526,0.0321792,-0.05076179,0.12558888,-0.29691599,0.19539241,0.50985213
tariff_1,tariff_11,LOW,2,1.26619702,2.45196769,1.26619702,0.5,0.0,0.5,235,0.00851064,1.02082216,0.35500524,1.04673925,0.56347912,-0.05767983,2.15115833,0.10562243
tariff_1,tariff_11,MID,12,1.19337111,1.52568336,0.90928557,0.16666667,0.0,0.83333333,314,0.03821656,0.25725709,0.1628803,0.68452884,0.29755106,0.10132877,1.26772892,0.45643131
tariff_1,tariff_12,HIGH,2,0.40998918,0.08477432,0.40998918,0.0,0.0,1.0,71,0.02816901,-0.12852526,0.0321792,0.35589554,0.05685413,0.24446144,0.46732964,0.89955026
tariff_1,tariff_12,MID,2,1.81472116,1.67623741,1.81472116,0.0,0.0,1.0,314,0.00636943,0.25725709,0.1628803,0.41906707,0.38204469,-0.32974051,1.16787466,0.10389323
tariff_1,tariff_13,HIGH,14,-0.35473092,0.29510586,-0.37891216,0.78571429,0.14285714,0.07142857,71,0.1971831,-0.12852526,0.0321792,-0.31808692,0.07220002,-0.45959896,-0.17657487,0.83800582
tariff_1,tariff_13,LOW,22,2.12133522,1.03002588,2.37711588,0.04545455,0.0,0.95454545,235,0.09361702,1.02082216,0.35500524,1.98971715,0.20605234,1.58585456,2.39357973,0.88040299
tariff_1,tariff_13,MID,66,0.33500871,0.7662436,0.12945083,0.3030303,0.18181818,0.51515152,314,0.21019108,0.25725709,0.1628803,0.33098213,0.09184334,0.15096918,0.51099509,0.94821228
tariff_1,tariff_21,LOW,10,0.41937705,1.6558283,-0.21966815,0.6,0.0,0.4,235,0.04255319,1.02082216,0.35500524,0.68146697,0.39331866,-0.08943759,1.45237154,0.56423301
tariff_1,tariff_21,MID,5,0.88187128,1.88246598,0.71511054,0.4,0.0,0.6,314,0.01592357,0.25725709,0.1628803,0.37397978,0.36392663,-0.33931642,1.08727597,0.18687165
tariff_1,tariff_4,HIGH,10,-0.03174407,0.64227099,-0.07972701,0.5,0.1,0.4,71,0.14084507,-0.12852526,0.0321792,-0.08611311,0.13445222,-0.34963946,0.17741324,0.43822721
tariff_1,tariff_4,LOW,35,1.98428973,1.5800005,3.0,0.2,0.0,0.8,235,0.14893617,1.02082216,0.35500524,1.82310029,0.24370651,1.34543553,2.30076504,0.83269863
tariff_1,tariff_4,MID,51,0.99703111,1.19604507,0.66577042,0.15686275,0.09803922,0.74509804,314,0.16242038,0.25725709,0.1628803,0.88835095,0.15468916,0.58516019,1.19154171,0.85309005
tariff_1,tariff_8,HIGH,32,-0.23717833,0.4637976,-0.18630056,0.59375,0.21875,0.1875,71,0.45070423,-0.12852526,0.0321792,-0.21840313,0.0745691,-0.36455856,-0.07224769,0.82720047
tariff_1,tariff_8,LOW,71,1.54877684,1.69350272,3.0,0.26760563,0.02816901,0.70422535,235,0.30212766,1.02082216,0.35500524,1.49484136,0.19043921,1.12158051,1.8681022,0.89784069
tariff_1,tariff_8,MID,125,0.78512745,1.26778717,0.51752584,0.288,0.048,0.664,314,0.39808917,0.25725709,0.1628803,0.74650473,0.10916718,0.53253707,0.9604724,0.92683294
tariff_1,tariff_9,LOW,81,1.99824466,1.47687938,3.0,0.16049383,0.0,0.83950617,235,0.34468085,1.02082216,0.35500524,1.92933186,0.15820716,1.61924583,2.2394179,0.92949539
tariff_1,tariff_9,MID,27,1.32936183,1.17703122,1.49870826,0.14814815,0.0,0.85185185,314,0.08598726,0.25725709,0.1628803,1.07253099,0.19753282,0.68536667,1.45969532,0.7604424
tariff_10,tariff_1,HIGH,17,-0.57601493,0.4221327,-0.52882502,0.88235294,0.05882353,0.05882353,676,0.02514793,-0.12852526,0.0321792,-0.46606428,0.08891909,-0.6403457,-0.29178286,0.75429455
tariff_10,tariff_1,LOW,1,-0.86353791,,-0.86353791,1.0,0.0,0.0,60,0.01666667,1.02082216,0.35500524,0.82258101,0.5636111,-0.28209674,1.92725877,0.10520343
tariff_10,tariff_1,MID,12,-0.74166332,0.26414102,-0.8210593,1.0,0.0,0.0,361,0.033241,0.25725709,0.1628803,-0.70723464,0.07492539,-0.85408841,-0.56038086,0.96553411
tariff_10,tariff_11,HIGH,134,-0.0578011,0.46274159,-0.03940498,0.42537313,0.25373134,0.32089552,676,0.19822485,-0.12852526,0.0321792,-0.06114703,0.03901773,-0.13762179,0.01532773,0.95269045
tariff_10,tariff_11,LOW,11,-0.01205812,1.56641254,-0.94343719,0.63636364,0.09090909,0.27272727,60,0.18333333,1.02082216,0.35500524,0.38650173,0.37011711,-0.33892781,1.11193127,0.61412773
tariff_10,tariff_11,MID,86,0.41415619,0.98234726,0.45393116,0.26744186,0.05813953,0.6744186,361,0.23822715,0.25725709,0.1628803,0.40404388,0.10245876,0.20322472,0.60486305,0.93554901
tariff_10,tariff_12,HIGH,91,-0.06670829,0.4550186,-0.02266246,0.41758242,0.23076923,0.35164835,676,0.13461538,-0.12852526,0.0321792,-0.07079035,0.04609712,-0.16114071,0.01956001,0.93396527
tariff_10,tariff_12,LOW,4,-0.60679434,0.78641132,-1.0,0.75,0.0,0.25,60,0.06666667,1.02082216,0.35500524,-0.11299715,0.32818267,-0.75623519,0.53024088,0.69661331
tariff_10,tariff_12,MID,30,0.30191127,0.89288574,0.31122585,0.33333333,0.0,0.66666667,361,0.08310249,0.25725709,0.1628803,0.29564764,0.15115285,-0.00061195,0.59190724,0.85973021
tariff_10,tariff_13,HIGH,33,-0.34880363,0.35475185,-0.39892606,0.81818182,0.09090909,0.09090909,676,0.04881657,-0.12852526,0.0321792,-0.32546413,0.05839121,-0.4399109,-0.21101735,0.89404542
tariff_10,tariff_13,LOW,2,1.99044728,1.42772314,1.99044728,0.0,0.0,1.0,60,0.03333333,1.02082216,0.35500524,1.27131082,0.51312256,0.26559061,2.27703103,0.25833557
tariff_10,tariff_13,MID,31,-0.17791055,0.70098096,-0.29741265,0.67741935,0.16129032,0.16129032,361,0.08587258,0.25725709,0.1628803,-0.13931767,0.12018759,-0.37488533,0.09625,0.9113149
tariff_10,tariff_21,LOW,2,1.0,2.82842712,1.0,0.5,0.0,0.5,60,0.03333333,1.02082216,0.35500524,1.01912481,0.57102226,-0.10007882,2.13832843,0.0815166
tariff_10,tariff_21,MID,1,-0.21767599,,-0.21767599,1.0,0.0,0.0,361,0.00277008,0.25725709,0.1628803,0.18747582,0.372758,-0.54312985,0.9180815,0.14692864
tariff_10,tariff_4,HIGH,77,-0.34520354,0.40786092,-0.29643515,0.7012987,0.22077922,0.07792208,676,0.11390533,-0.12852526,0.0321792,-0.33157173,0.04499422,-0.41976041,-0.24338305,0.93708731
tariff_10,tariff_4,LOW,13,0.42446611,1.38939475,0.28177601,0.46153846,0.0,0.53846154,60,0.21666667,1.02082216,0.35500524,0.60034554,0.32357286,-0.03385727,1.23454834,0.70507648
tariff_10,tariff_4,MID,60,0.00643113,0.84144681,0.03122583,0.45,0.1,0.45,361,0.16620499,0.25725709,0.1628803,0.02337565,0.10489691,-0.18222229,0.22897358,0.93244511
tariff_10,tariff_8,HIGH,324,-0.13365222,0.38118265,-0.12702692,0.52469136,0.24382716,0.23148148,676,0.47928994,-0.12852526,0.0321792,-0.13358175,0.02103078,-0.17480207,-0.09236143,0.9862553
tariff_10,tariff_8,LOW,19,0.1790835,1.71819423,-0.98212176,0.68421053,0.0,0.31578947,60,0.31666667,1.02082216,0.35500524,0.43533791,0.32874899,-0.2090101,1.07968593,0.69556535
tariff_10,tariff_8,MID,138,0.21811503,0.77450995,0.21997524,0.2826087,0.07246377,0.64492754,361,0.38227147,0.25725709,0.1628803,0.21913247,0.06506813,0.09159893,0.34666601,0.9740063
tariff_10,tariff_9,LOW,8,1.94056196,1.74702739,3.0,0.25,0.0,0.75,60,0.13333333,1.02082216,0.35500524,1.464141,0.42882522,0.62364356,2.30463844,0.48200463
tariff_10,tariff_9,MID,3,0.22563817,0.80717711,0.16738751,0.33333333,0.0,0.66666667,361,0.00831025,0.25725709,0.1628803,0.24370629,0.30508244,-0.35425529,0.84166788,0.42856629
tariff_11,tariff_1,HIGH,5,-0.30233831,0.30110943,-0.37969342,0.8,0.0,0.2,497,0.01006036,-0.12852526,0.0321792,-0.23969358,0.1076933,-0.45077245,-0.02861471,0.6395856
tariff_11,tariff_1,MID,6,-0.25737367,0.57024278,-0.41527331,0.66666667,0.0,0.33333333,252,0.02380952,0.25725709,0.1628803,-0.12888897,0.20165644,-0.52413561,0.26635766,0.75033616
tariff_11,tariff_10,HIGH,110,-0.05068883,0.42585451,-0.08645492,0.49090909,0.21818182,0.29090909,497,0.22132797,-0.12852526,0.0321792,-0.05448231,0.03960183,-0.13210191,0.02313728,0.95126339
tariff_11,tariff_10,LOW,14,-0.50834026,1.07607439,-0.99994752,0.85714286,0.0,0.14285714,69,0.20289855,1.02082216,0.35500524,-0.21939287,0.25900012,-0.7270331,0.28824736,0.81104205
tariff_11,tariff_10,MID,29,0.24602805,1.06982331,0.19616063,0.37931034,0.06896552,0.55172414,252,0.11507937,0.25725709,0.1628803,0.2482182,0.17823764,-0.10112757,0.59756397,0.80495705
tariff_11,tariff_12,HIGH,107,0.07746405,0.52719452,0.12055639,0.30841121,0.1682243,0.52336449,497,0.21529175,-0.12852526,0.0321792,0.06207846,0.04902554,-0.03401159,0.15816851,0.9253088
tariff_11,tariff_12,LOW,20,0.12989002,1.5000839,-0.75023189,0.6,0.05,0.35,69,0.28985507,1.02082216,0.35500524,0.34430126,0.29229329,-0.22859359,0.91719611,0.75934054
tariff_11,tariff_12,MID,62,0.10456091,0.98871255,0.15754841,0.41935484,0.06451613,0.51612903,252,0.24603175,0.25725709,0.1628803,0.11803751,0.11989754,-0.11696168,0.35303669,0.91174242
tariff_11,tariff_13,HIGH,20,-0.49789034,0.32499489,-0.53376613,0.85,0.15,0.0,497,0.04024145,-0.12852526,0.0321792,-0.44581791,0.06735404,-0.57783182,-0.313804,0.85902179
tariff_11,tariff_13,LOW,4,0.11279707,1.92932785,-0.77440586,0.75,0.0,0.25,69,0.05797101,1.02082216,0.35500524,0.77007679,0.50692484,-0.2234959,1.76364948,0.27614366
tariff_11,tariff_13,MID,7,-0.16974568,0.45991216,-0.13563862,0.71428571,0.0,0.28571429,252,0.02777778,0.25725709,0.1628803,-0.10292573,0.15965114,-0.41584196,0.2099905,0.84351401
tariff_11,tariff_21,LOW,1,3.0,,3.0,0.0,0.0,1.0,69,0.01449275,1.02082216,0.35500524,1.22903846,0.5636111,0.1243607,2.33371621,0.10520343
tariff_11,tariff_4,HIGH,42,-0.28048477,0.58906182,-0.37916987,0.76190476,0.0952381,0.14285714,497,0.08450704,-0.12852526,0.0321792,-0.24944068,0.08107989,-0.40835726,-0.0905241,0.79570816
tariff_11,tariff_4,LOW,10,0.07765069,1.70690207,-0.93964835,0.7,0.0,0.3,69,0.14492754,1.02082216,0.35500524,0.50279425,0.40002751,-0.28125967,1.28684817,0.54924044
tariff_11,tariff_4,MID,42,0.21633905,1.00634584,-7.772e-05,0.4047619,0.16666667,0.42857143,252,0.16666667,0.25725709,0.1628803,0.22161541,0.14492532,-0.0624382,0.50566903,0.87105042
tariff_11,tariff_8,HIGH,213,-0.16091179,0.4232168,-0.1413516,0.54460094,0.18779343,0.26760563,497,0.42857143,-0.12852526,0.0321792,-0.16008702,0.02862671,-0.21619538,-0.10397866,0.97453359
tariff_11,tariff_8,LOW,16,1.22166094,1.80731091,1.9193592,0.375,0.0,0.625,69,0.23188406,1.02082216,0.35500524,1.14833422,0.36001842,0.44269811,1.85397033,0.6348976
tariff_11,tariff_8,MID,103,0.23461678,0.82626146,0.22388153,0.31067961,0.0776699,0.61165049,252,0.40873016,0.25725709,0.1628803,0.23550207,0.07980634,0.07908165,0.39192249,0.96089735
tariff_11,tariff_9,LOW,4,2.08957565,1.82084871,3.0,0.25,0.0,0.75,69,0.05797101,1.02082216,0.35500524,1.34130549,0.49854897,0.36414952,2.31846147,0.29986647
tariff_11,tariff_9,MID,3,0.70785455,0.99492333,0.24466715,0.0,0.33333333,0.66666667,252,0.01190476,0.25725709,0.1628803,0.40617719,0.33022601,-0.24106578,1.05342017,0.33049476
tariff_12,tariff_1,HIGH,5,-0.68800929,0.37724588,-0.78781586,0.8,0.2,0.0,365,0.01369863,-0.12852526,0.0321792,-0.42541062,0.12289665,-0.66628805,-0.18453318,0.53064134
tariff_12,tariff_1,MID,2,-0.60718723,0.55552115,-0.60718723,1.0,0.0,0.0,144,0.01388889,0.25725709,0.1628803,-0.18665484,0.28149164,-0.73837845,0.36506876,0.51352288
tariff_12,tariff_10,HIGH,85,-0.00889731,0.46876763,0.04200197,0.4,0.15294118,0.44705882,365,0.23287671,-0.12852526,0.0321792,-0.01779329,0.04891796,-0.11367249,0.07808591,0.92563623
tariff_12,tariff_10,LOW,8,-0.76912166,0.65302256,-1.0,0.875,0.0,0.125,34,0.23529412,1.02082216,0.35500524,-0.5354448,0.21528092,-0.9573954,-0.1134942,0.86945017
tariff_12,tariff_10,MID,22,0.26179729,0.98804839,0.2449095,0.40909091,0.0,0.59090909,144,0.15277778,0.25725709,0.1628803,0.2608252,0.18674493,-0.10519486,0.62684527,0.78589388
tariff_12,tariff_11,HIGH,82,0.05137449,0.5285964,0.02492292,0.40243902,0.15853659,0.43902439,365,0.22465753,-0.12852526,0.0321792,0.03414876,0.05550871,-0.0746483,0.14294583,0.9042482
tariff_12,tariff_11,LOW,6,1.12576293,2.07152983,1.37728878,0.5,0.0,0.5,34,0.17647059,1.02082216,0.35500524,1.0556326,0.48707765,0.10096041,2.01030479,0.33171512
tariff_12,tariff_11,MID,22,-0.24723963,0.81388545,-0.51654409,0.59090909,0.04545455,0.36363636,144,0.15277778,0.25725709,0.1628803,-0.16853001,0.15941127,-0.48097609,0.14391608,0.84398388
tariff_12,tariff_13,HIGH,9,-0.36254199,0.39067817,-0.52962558,0.66666667,0.22222222,0.11111111,365,0.02465753,-0.12852526,0.0321792,-0.28177666,0.10538448,-0.48833024,-0.07522308,0.65487369
tariff_12,tariff_13,LOW,3,0.43790968,2.2243733,-0.68627095,0.66666667,0.0,0.33333333,34,0.08823529,1.02082216,0.35500524,0.91757483,0.54048642,-0.14177856,1.97692821,0.17712321
tariff_12,tariff_13,MID,9,-0.07471116,0.61291696,-0.26949565,0.55555556,0.0,0.44444444,144,0.0625,0.25725709,0.1628803,-0.00699272,0.18228018,-0.36426188,0.35027643,0.79600931
tariff_12,tariff_4,HIGH,15,-0.2628285,0.3079211,-0.20116073,0.6,0.4,0.0,365,0.04109589,-0.12852526,0.0321792,-0.24077839,0.07268584,-0.38324263,-0.09831415,0.83581845
tariff_12,tariff_4,LOW,10,-0.7503864,0.6817559,-1.0,0.9,0.0,0.1,34,0.29411765,1.02082216,0.35500524,-0.54533682,0.20272718,-0.94268209,-0.14799155,0.88423183
tariff_12,tariff_4,MID,10,0.1144399,1.08420261,-0.31239252,0.6,0.0,0.4,144,0.06944444,0.25725709,0.1628803,0.17430548,0.26129592,-0.33783452,0.68644548,0.58082374
tariff_12,tariff_8,HIGH,168,-0.09479834,0.40377737,-0.11556764,0.51785714,0.2202381,0.26190476,365,0.46027397,-0.12852526,0.0321792,-0.09578569,0.03069273,-0.15594343,-0.03562795,0.97072508
tariff_12,tariff_8,LOW,6,1.65490624,1.89575538,2.75195774,0.33333333,0.0,0.66666667,34,0.17647059,1.02082216,0.35500524,1.25678266,0.47212055,0.33142638,2.18213894,0.3721281
tariff_12,tariff_8,MID,78,0.51241447,0.93853186,0.3353336,0.20512821,0.07692308,0.71794872,144,0.54166667,0.25725709,0.1628803,0.49587086,0.10276504,0.29445138,0.69729034,0.9351631
tariff_12,tariff_9,HIGH,1,-0.17920097,,-0.17920097,1.0,0.0,0.0,365,0.00273973,-0.12852526,0.0321792,-0.13462943,0.16823508,-0.46437018,0.19511132,0.12045543
tariff_12,tariff_9,LOW,1,-1.0,,-1.0,1.0,0.0,0.0,34,0.02941176,1.02082216,0.35500524,0.80822473,0.5636111,-0.29645302,1.91290249,0.10520343
tariff_12,tariff_9,MID,1,1.36245189,,1.36245189,0.0,0.0,1.0,144,0.00694444,0.25725709,0.1628803,0.41964186,0.372758,-0.31096381,1.15024753,0.14692864
tariff_13,tariff_1,HIGH,7,-0.27846712,0.81260659,-0.25250504,0.57142857,0.28571429,0.14285714,86,0.08139535,-0.12852526,0.0321792,-0.16666401,0.15490061,-0.4702692,0.13694117,0.25435694
tariff_13,tariff_1,LOW,3,1.10880353,1.93805406,1.19934499,0.33333333,0.0,0.66666667,43,0.06976744,1.02082216,0.35500524,1.040258,0.52591019,0.00947403,2.07104197,0.22090861
tariff_13,tariff_1,MID,41,-0.50264699,0.64007308,-0.82189932,0.82926829,0.02439024,0.14634146,418,0.09808612,0.25725709,0.1628803,-0.45872244,0.09703056,-0.64890235,-0.26854254,0.94219725
tariff_13,tariff_10,HIGH,9,0.09381209,0.49550373,-0.02425059,0.44444444,0.22222222,0.33333333,86,0.10465116,-0.12852526,0.0321792,-0.00819762,0.12150724,-0.24635182,0.22995657,0.54119401
tariff_13,tariff_10,LOW,2,3.0,0.0,3.0,0.0,0.0,1.0,43,0.04651163,1.02082216,0.35500524,2.99999999,3.162e-05,2.99993801,3.00006198,1.0
tariff_13,tariff_10,MID,28,0.53068298,1.01577455,0.64037142,0.21428571,0.10714286,0.67857143,418,0.06698565,0.25725709,0.1628803,0.48023631,0.17335273,0.14046495,0.82000767,0.81550151
tariff_13,tariff_11,HIGH,6,-0.3285483,0.67671018,-0.48164667,0.66666667,0.0,0.33333333,86,0.06976744,-0.12852526,0.0321792,-0.18784751,0.15045128,-0.48273202,0.10703699,0.29657709
tariff_13,tariff_11,LOW,1,1.50048133,,1.50048133,0.0,0.0,1.0,43,0.02325581,1.02082216,0.35500524,1.07128395,0.5636111,-0.03339381,2.1759617,0.10520343
tariff_13,tariff_11,MID,9,0.3315054,0.66918613,0.48764545,0.22222222,0.11111111,0.66666667,418,0.0215311,0.25725709,0.1628803,0.31413143,0.19522731,-0.06851409,0.69677695,0.76600178
tariff_13,tariff_12,HIGH,9,-0.13435467,0.44483472,0.01476045,0.33333333,0.44444444,0.22222222,86,0.10465116,-0.12852526,0.0321792,-0.13198845,0.11428865,-0.35599422,0.09201731,0.59408884
tariff_13,tariff_12,MID,3,-0.47648097,0.78017835,-0.86388438,0.66666667,0.0,0.33333333,418,0.00717703,0.25725709,0.1628803,-0.0694796,0.30058112,-0.65861859,0.51965939,0.44530427
tariff_13,tariff_21,LOW,2,-0.48986143,0.72144488,-0.48986143,0.5,0.5,0.0,43,0.04651163,1.02082216,0.35500524,0.1491382,0.38750823,-0.61037793,0.90865433,0.57701293
tariff_13,tariff_21,MID,2,0.91099678,0.01176611,0.91099678,0.0,0.0,1.0,418,0.00478469,0.25725709,0.1628803,0.91071907,0.00831813,0.89441554,0.92702261,0.9995752
tariff_13,tariff_4,HIGH,22,-0.1309912,0.32973824,-0.20711147,0.63636364,0.18181818,0.18181818,86,0.25581395,-0.12852526,0.0321792,-0.1306629,0.06545363,-0.258952,-0.00237379,0.86686502
tariff_13,tariff_4,LOW,7,0.05152107,1.43264517,-0.25578075,0.57142857,0.14285714,0.28571429,43,0.1627907,1.02082216,0.35500524,0.48996948,0.40072578,-0.29545305,1.275392,0.54766542
tariff_13,tariff_4,MID,73,0.20749986,0.68246706,0.22321467,0.2739726,0.15068493,0.57534247,418,0.17464115,0.25725709,0.1628803,0.20937546,0.07835679,0.05579616,0.36295477,0.96230492
tariff_13,tariff_8,HIGH,33,0.0636477,0.67132295,-0.07330873,0.42424242,0.27272727,0.3030303,86,0.38372093,-0.12852526,0.0321792,0.00638991,0.09791715,-0.18552771,0.19830753,0.70205074
tariff_13,tariff_8,LOW,20,1.23411535,1.61134812,1.18090565,0.3,0.1,0.6,43,0.46511628,1.02082216,0.35500524,1.17700187,0.30831751,0.57269955,1.78130419,0.73223018
tariff_13,tariff_8,MID,234,0.45911711,0.97226801,0.40547277,0.28205128,0.07692308,0.64102564,418,0.55980861,0.25725709,0.1628803,0.45423174,0.06278531,0.33117252,0.57729095,0.9757982
tariff_13,tariff_9,LOW,8,1.53640782,2.02194803,3.0,0.375,0.0,0.625,43,0.18604651,1.02082216,0.35500524,1.23217004,0.45769222,0.33509328,2.1292468,0.40991808
tariff_13,tariff_9,MID,28,0.42558272,0.77632727,0.36422755,0.14285714,0.14285714,0.71428571,418,0.06698565,0.25725709,0.1628803,0.4059351,0.13788406,0.13568233,0.67618787,0.88327616
tariff_14,tariff_1,HIGH,4,-0.5894525,0.45771445,-0.62126106,1.0,0.0,0.0,69,0.05797101,-0.12852526,0.0321792,-0.30394126,0.14118321,-0.58066035,-0.02722218,0.380572
tariff_14,tariff_1,LOW,2,3.0,0.0,3.0,0.0,0.0,1.0,53,0.03773585,1.02082216,0.35500524,2.99999999,3.162e-05,2.99993801,3.00006198,1.0
tariff_14,tariff_1,MID,8,-0.51890856,0.47217715,-0.54982451,0.875,0.0,0.125,118,0.06779661,0.25725709,0.1628803,-0.40550893,0.1542634,-0.70786519,-0.10315268,0.85389765
tariff_14,tariff_10,HIGH,11,-0.31563957,0.55333712,-0.23425435,0.63636364,0.09090909,0.27272727,69,0.15942029,-0.12852526,0.0321792,-0.22885512,0.12216733,-0.46830309,0.01059284,0.53619557
tariff_14,tariff_10,LOW,4,0.06973211,1.95793207,-0.86053578,0.75,0.0,0.25,53,0.0754717,1.02082216,0.35500524,0.76374346,0.50896726,-0.23383238,1.7613193,0.27029901
tariff_14,tariff_10,MID,17,0.0260726,1.11314376,-0.22461066,0.58823529,0.05882353,0.35294118,118,0.1440678,0.25725709,0.1628803,0.09754323,0.22439788,-0.34227661,0.53736307,0.69085023
tariff_14,tariff_11,HIGH,4,-0.11611402,0.5761303,-0.23109064,0.5,0.25,0.25,69,0.05797101,-0.12852526,0.0321792,-0.12505721,0.15227413,-0.42351451,0.17340009,0.27942859
tariff_14,tariff_11,LOW,1,-1.0,,-1.0,1.0,0.0,0.0,53,0.01886792,1.02082216,0.35500524,0.80822473,0.5636111,-0.29645302,1.91290249,0.10520343
tariff_14,tariff_11,MID,3,-0.4665758,0.92391782,-1.0,0.66666667,0.0,0.33333333,118,0.02542373,0.25725709,0.1628803,-0.00624851,0.32184628,-0.63706721,0.62457019,0.36404204
tariff_14,tariff_12,HIGH,2,-0.49118516,0.71957285,-0.49118516,0.5,0.5,0.0,69,0.02898551,-0.12852526,0.0321792,-0.16861884,0.16917936,-0.50021038,0.16297271,0.11055419
tariff_14,tariff_12,LOW,4,0.02914961,1.98132912,-0.94170078,0.75,0.0,0.25,53,0.0754717,1.02082216,0.35500524,0.75739558,0.51058997,-0.24336077,1.75815192,0.26563868
tariff_14,tariff_12,MID,6,-0.98767712,0.01938638,-1.0,1.0,0.0,0.0,118,0.05084746,0.25725709,0.1628803,-0.98719855,0.00791294,-1.0027079,-0.97168919,0.99961558
tariff_14,tariff_13,HIGH,4,-0.52190581,0.34502398,-0.41961113,1.0,0.0,0.0,69,0.05797101,-0.12852526,0.0321792,-0.33289652,0.12434341,-0.5766096,-0.08918345,0.51952558
tariff_14,tariff_13,LOW,3,0.8048228,2.0283694,0.4144684,0.33333333,0.0,0.66666667,53,0.05660377,1.02082216,0.35500524,0.97640635,0.53104213,-0.06443622,2.01724892,0.20562935
tariff_14,tariff_13,MID,9,0.14085647,1.19377523,-0.35300098,0.55555556,0.11111111,0.33333333,118,0.07627119,0.25725709,0.1628803,0.19823495,0.28335517,-0.35714119,0.75361109,0.50706038
tariff_14,tariff_21,LOW,3,1.14349656,1.87398618,1.87679579,0.33333333,0.0,0.66666667,53,0.05660377,1.02082216,0.35500524,1.04936809,0.52191635,0.02641204,2.07232414,0.23269674
tariff_14,tariff_21,MID,1,-1.0,,-1.0,1.0,0.0,0.0,118,0.00847458,0.25725709,0.1628803,0.07253003,0.372758,-0.65807565,0.8031357,0.14692864
tariff_14,tariff_4,HIGH,9,-0.30536388,0.32101394,-0.40057294,0.66666667,0.22222222,0.11111111,69,0.13043478,-0.12852526,0.0321792,-0.25895457,0.09189707,-0.43907282,-0.07883631,0.73756118
tariff_14,tariff_4,LOW,6,1.27375507,1.89523345,1.8212652,0.33333333,0.0,0.66666667,53,0.11320755,1.02082216,0.35500524,1.11497815,0.47207217,0.1897167,2.0402396,0.37225678
tariff_14,tariff_4,MID,25,-0.03408918,0.63140544,-0.01577602,0.44,0.12,0.44,118,0.21186441,0.25725709,0.1628803,-0.00810838,0.12051908,-0.24432577,0.22810901,0.91082502
tariff_14,tariff_8,HIGH,35,-0.07902046,0.40657016,-0.10172068,0.51428571,0.14285714,0.34285714,69,0.50724638,-0.12852526,0.0321792,-0.08535624,0.06417471,-0.21113867,0.0404262,0.8720169
tariff_14,tariff_8,LOW,9,1.67592593,1.98625679,3.0,0.33333333,0.0,0.66666667,53,0.16981132,1.02082216,0.35500524,1.31396085,0.44288979,0.44589687,2.18202484,0.4474691
tariff_14,tariff_8,MID,42,-0.08540354,0.94426844,-0.16950121,0.52380952,0.07142857,0.4047619,118,0.3559322,0.25725709,0.1628803,-0.04589156,0.13704606,-0.31450184,0.22271871,0.88469065
tariff_14,tariff_9,LOW,21,1.2237536,1.63957114,1.58585313,0.28571429,0.0,0.71428571,53,0.39622642,1.02082216,0.35500524,1.1699724,0.30673119,0.56877928,1.77116553,0.7349785
tariff_14,tariff_9,MID,7,0.89745737,1.26790809,0.72877483,0.14285714,0.14285714,0.71428571,118,0.05932203,0.25725709,0.1628803,0.522904,0.30869757,-0.08214323,1.12795124,0.41494345
tariff_15,tariff_1,HIGH,3,0.03765559,0.9328048,0.30632753,0.33333333,0.0,0.66666667,77,0.03896104,-0.12852526,0.0321792,-0.11192929,0.17019272,-0.44550703,0.22164844,0.09986693
tariff_15,tariff_1,LOW,4,0.66138037,1.61557157,0.13334619,0.5,0.0,0.5,78,0.05128205,1.02082216,0.35500524,0.89417125,0.4794972,-0.04564327,1.83398577,0.35235444
tariff_15,tariff_1,MID,54,-0.43441145,0.51214935,-0.56583809,0.7962963,0.03703704,0.16666667,1312,0.04115854,0.25725709,0.1628803,-0.41438209,0.06867818,-0.54899132,-0.27977287,0.97104198
tariff_15,tariff_10,HIGH,9,0.15111764,0.40355391,0.22040293,0.33333333,0.0,0.66666667,77,0.11688312,-0.12852526,0.0321792,0.05046654,0.10762049,-0.16046963,0.26140271,0.64007277
tariff_15,tariff_10,LOW,4,2.01269534,1.97460932,3.0,0.25,0.0,0.75,78,0.05128205,1.02082216,0.35500524,1.28561882,0.51012824,0.28576747,2.28547017,0.26696625
tariff_15,tariff_10,MID,180,0.48877818,0.74782499,0.4395813,0.17777778,0.08888889,0.73333333,1312,0.13719512,0.25725709,0.1628803,0.48444464,0.05521546,0.37622233,0.59266694,0.98128228
tariff_15,tariff_11,HIGH,5,-0.09135522,0.58762232,-0.045799,0.4,0.4,0.2,77,0.06493506,-0.12852526,0.0321792,-0.11671065,0.14815849,-0.4071013,0.17368,0.31785317
tariff_15,tariff_11,LOW,1,-1.0,,-1.0,1.0,0.0,0.0,78,0.01282051,1.02082216,0.35500524,0.80822473,0.5636111,-0.29645302,1.91290249,0.10520343
tariff_15,tariff_11,MID,23,0.48230285,0.92603863,0.35054324,0.2173913,0.13043478,0.65217391,1312,0.01753049,0.25725709,0.1628803,0.44038364,0.17418286,0.09898523,0.78178205,0.81373027
tariff_15,tariff_12,HIGH,3,0.53259244,0.56819271,0.54262942,0.0,0.33333333,0.66666667,77,0.03896104,-0.12852526,0.0321792,0.02365804,0.15739073,-0.28482778,0.33214386,0.23019093
tariff_15,tariff_12,MID,4,2.35576,1.0092478,2.78304603,0.0,0.0,1.0,1312,0.00304878,0.25725709,0.1628803,1.07590104,0.31518138,0.45814553,1.69365655,0.39010856
tariff_15,tariff_13,HIGH,11,-0.23419961,0.25828314,-0.25687022,0.63636364,0.27272727,0.09090909,77,0.14285714,-0.12852526,0.0321792,-0.21744214,0.07143434,-0.35745345,-0.07743083,0.8414235
tariff_15,tariff_13,LOW,14,1.56784708,1.49546397,1.95176413,0.14285714,0.07142857,0.78571429,78,0.17948718,1.02082216,0.35500524,1.39808703,0.33191858,0.74752661,2.04864745,0.68966671
tariff_15,tariff_13,MID,348,0.02620887,0.51801599,-0.07413366,0.42241379,0.2816092,0.29597701,1312,0.2652439,0.25725709,0.1628803,0.02729753,0.02770307,-0.0270005,0.08159555,0.99528819
tariff_15,tariff_21,LOW,8,0.95056686,1.75347746,0.91272212,0.375,0.125,0.5,78,0.1025641,1.02082216,0.35500524,0.98708805,0.42958617,0.14509916,1.82907693,0.48016465
tariff_15,tariff_21,MID,8,0.25621818,0.83932452,0.29944131,0.25,0.0,0.75,1312,0.00609756,0.25725709,0.1628803,0.25658275,0.23907576,-0.21200574,0.72517124,0.64908453
tariff_15,tariff_4,HIGH,16,-0.07477848,0.26067811,-0.11232711,0.5,0.3125,0.1875,77,0.20779221,-0.12852526,0.0321792,-0.08104501,0.06125265,-0.2011002,0.03901018,0.88340646
tariff_15,tariff_4,LOW,7,0.96210205,1.85674615,0.47507438,0.42857143,0.0,0.57142857,78,0.08974359,1.02082216,0.35500524,0.99622535,0.45420245,0.10598855,1.88646214,0.41888221
tariff_15,tariff_4,MID,133,0.42906456,0.78523323,0.37657057,0.21052632,0.11278195,0.67669173,1312,0.10137195,0.25725709,0.1628803,0.42430978,0.06713957,0.29271622,0.55590333,0.97232494
tariff_15,tariff_8,HIGH,30,-0.09451186,0.40421938,-0.05945362,0.4,0.33333333,0.26666667,77,0.38961039,-0.12852526,0.0321792,-0.09943542,0.06824992,-0.23320527,0.03433443,0.8552465
tariff_15,tariff_8,LOW,21,1.48374948,1.70914053,2.35415375,0.28571429,0.0,0.71428571,78,0.26923077,1.02082216,0.35500524,1.35342469,0.31613639,0.73379736,1.97305202,0.71847678
tariff_15,tariff_8,MID,429,0.48569013,0.75929796,0.46101469,0.2027972,0.08857809,0.70862471,1312,0.32698171,0.25725709,0.1628803,0.48382079,0.03650895,0.41226325,0.55537832,0.99181667
tariff_15,tariff_9,LOW,19,1.48244011,1.71942209,2.27767544,0.26315789,0.05263158,0.68421053,78,0.24358974,1.02082216,0.35500524,1.34176791,0.32891234,0.69709971,1.98643611,0.69526272
tariff_15,tariff_9,MID,133,0.35913142,0.59210372,0.29239331,0.14285714,0.10526316,0.7518797,1312,0.10137195,0.25725709,0.1628803,0.35750898,0.05093143,0.25768338,0.45733459,0.98407413
tariff_16,tariff_1,HIGH,1,-0.26601513,,-0.26601513,1.0,0.0,0.0,15,0.06666667,-0.12852526,0.0321792,-0.14508666,0.16823508,-0.47482742,0.18465409,0.12045543
tariff_16,tariff_1,LOW,27,0.2931742,1.21726692,-0.20177826,0.51851852,0.07407407,0.40740741,217,0.12442396,1.02082216,0.35500524,0.3905986,0.21801712,-0.03671495,0.81791215,0.86611053
tariff_16,tariff_1,MID,48,-0.38329862,0.51565754,-0.50984579,0.72916667,0.10416667,0.16666667,193,0.24870466,0.25725709,0.1628803,-0.36222957,0.07319447,-0.50569074,-0.21876841,0.96710817
tariff_16,tariff_10,LOW,2,1.0,2.82842712,1.0,0.5,0.0,0.5,217,0.00921659,1.02082216,0.35500524,1.01912481,0.57102226,-0.10007882,2.13832843,0.0815166
tariff_16,tariff_10,MID,4,1.40213212,1.2026264,1.25075376,0.0,0.0,1.0,193,0.02072539,0.25725709,0.1628803,0.61281967,0.33510408,-0.04398433,1.26962368,0.3105689
tariff_16,tariff_11,HIGH,3,0.02918016,0.54194556,-0.03307872,0.33333333,0.33333333,0.33333333,15,0.2,-0.12852526,0.0321792,-0.08951234,0.15562378,-0.39453495,0.21551026,0.24737843
tariff_16,tariff_11,LOW,4,2.17960476,1.64079048,3.0,0.25,0.0,0.75,217,0.01843318,1.02082216,0.35500524,1.42097046,0.48209501,0.47606424,2.36587668,0.34531784
tariff_16,tariff_11,MID,9,0.86619987,1.39777821,0.627049,0.22222222,0.22222222,0.55555556,193,0.04663212,0.25725709,0.1628803,0.51829207,0.30505498,-0.07961569,1.11619984,0.42866915
tariff_16,tariff_12,MID,1,-0.50476976,,-0.50476976,1.0,0.0,0.0,193,0.00518135,0.25725709,0.1628803,0.14529353,0.372758,-0.58531214,0.8758992,0.14692864
tariff_16,tariff_13,HIGH,4,-0.13241162,0.86064114,-0.42057613,0.75,0.0,0.25,15,0.26666667,-0.12852526,0.0321792,-0.12910064,0.16557506,-0.45362775,0.19542648,0.14804905
tariff_16,tariff_13,LOW,9,2.33734773,0.9227682,2.63419461,0.0,0.0,1.0,217,0.04147465,1.02082216,0.35500524,2.06031581,0.27331762,1.52461327,2.59601835,0.78957346
tariff_16,tariff_13,MID,43,0.20368372,0.78233242,0.03763289,0.39534884,0.13953488,0.46511628,193,0.22279793,0.25725709,0.1628803,0.20798909,0.11441029,-0.01625508,0.43223326,0.91963599
tariff_16,tariff_21,LOW,29,1.03737075,1.64738155,0.84947438,0.37931034,0.0,0.62068966,217,0.13364055,1.02082216,0.35500524,1.03391848,0.27213808,0.50052783,1.56730912,0.79138579
tariff_16,tariff_21,MID,7,0.76449755,1.71542219,0.02356453,0.28571429,0.28571429,0.42857143,193,0.03626943,0.25725709,0.1628803,0.39890776,0.3426292,-0.27264547,1.07046099,0.27925743
tariff_16,tariff_4,HIGH,3,0.07431701,0.53191196,-0.07775929,0.33333333,0.33333333,0.33333333,15,0.2,-0.12852526,0.0321792,-0.07692168,0.15489587,-0.38051758,0.22667423,0.25440252
tariff_16,tariff_4,LOW,13,1.74552439,1.69853359,3.0,0.23076923,0.07692308,0.69230769,217,0.05990783,1.02082216,0.35500524,1.46675716,0.36953744,0.74246378,2.19105053,0.61533549
tariff_16,tariff_4,MID,15,0.51864056,0.93614198,0.40894001,0.26666667,0.06666667,0.66666667,193,0.07772021,0.25725709,0.1628803,0.44963561,0.20736494,0.04320033,0.8560709,0.73600112
tariff_16,tariff_8,HIGH,4,0.05397407,0.19757599,0.0663279,0.25,0.5,0.25,15,0.26666667,-0.12852526,0.0321792,0.01150634,0.08653395,-0.15810021,0.18111288,0.76729922
tariff_16,tariff_8,LOW,25,1.93862285,1.43038182,2.98501687,0.12,0.08,0.8,217,0.11520737,1.02082216,0.35500524,1.76667963,0.25789072,1.26121382,2.27214544,0.81265735
tariff_16,tariff_8,MID,44,0.78597286,1.14588733,0.79803526,0.20454545,0.11363636,0.68181818,193,0.22797927,0.25725709,0.1628803,0.70410359,0.15881211,0.39283184,1.01537533,0.84515447
tariff_16,tariff_9,LOW,108,1.24484536,1.71555379,1.59291971,0.35185185,0.01851852,0.62962963,217,0.49769585,1.02082216,0.35500524,1.22887469,0.15908618,0.91706577,1.54068361,0.92870975
tariff_16,tariff_9,MID,22,0.80860275,1.33628041,0.91828462,0.36363636,0.0,0.63636364,193,0.11398964,0.25725709,0.1628803,0.62523423,0.23274732,0.16904947,1.08141898,0.6674164
tariff_17,tariff_1,HIGH,3,-0.66667811,0.53081267,-0.94547701,0.66666667,0.33333333,0.0,194,0.01546392,-0.12852526,0.0321792,-0.2658555,0.15481424,-0.56929141,0.03758042,0.25518816
tariff_17,tariff_1,LOW,1,-0.27498885,,-0.27498885,1.0,0.0,0.0,28,0.03571429,1.02082216,0.35500524,0.88449839,0.5636111,-0.22017936,1.98917615,0.10520343
tariff_17,tariff_1,MID,23,-0.28402471,0.91402845,-0.56873172,0.7826087,0.04347826,0.17391304,278,0.08273381,0.25725709,0.1628803,-0.18532482,0.17233795,-0.52310719,0.15245756,0.81765525
tariff_17,tariff_10,HIGH,14,0.19452121,0.31564946,0.24065681,0.14285714,0.28571429,0.57142857,194,0.07216495,-0.12852526,0.0321792,0.13601537,0.07634045,-0.01361192,0.28564266,0.81889343
tariff_17,tariff_10,MID,16,0.54780675,0.84505389,0.5202526,0.1875,0.0625,0.75,278,0.05755396,0.25725709,0.1628803,0.48531469,0.18717011,0.11846127,0.85216812,0.78491781
tariff_17,tariff_11,HIGH,11,0.26113803,0.46978644,0.22181437,0.36363636,0.09090909,0.54545455,194,0.05670103,-0.12852526,0.0321792,0.11148982,0.11116771,-0.10639889,0.32937852,0.61595506
tariff_17,tariff_11,MID,23,0.18557669,0.77302952,0.16070933,0.2173913,0.17391304,0.60869565,278,0.08273381,0.25725709,0.1628803,0.19543769,0.14969055,-0.09795579,0.48883116,0.86243113
tariff_17,tariff_12,HIGH,6,-0.06861694,0.49149268,-0.16659983,0.5,0.33333333,0.16666667,194,0.03092784,-0.12852526,0.0321792,-0.10191288,0.13373334,-0.36403024,0.16020447,0.44421841
tariff_17,tariff_12,LOW,1,3.0,,3.0,0.0,0.0,1.0,28,0.03571429,1.02082216,0.35500524,1.22903846,0.5636111,0.1243607,2.33371621,0.10520343
tariff_17,tariff_12,MID,4,0.72203232,0.76119009,0.4356005,0.0,0.0,1.0,278,0.01438849,0.25725709,0.1628803,0.50325852,0.27689203,-0.03944986,1.0459669,0.52929118
tariff_17,tariff_13,HIGH,16,-0.30742612,0.41275984,-0.33077731,0.8125,0.0625,0.125,194,0.08247423,-0.12852526,0.0321792,-0.262946,0.08944671,-0.43826156,-0.08763045,0.75137002
tariff_17,tariff_13,LOW,3,0.49805109,2.180793,-0.50584672,0.66666667,0.0,0.33333333,28,0.10714286,1.02082216,0.35500524,0.92517339,0.53856451,-0.13041306,1.98075984,0.18296492
tariff_17,tariff_13,MID,35,-0.04766569,0.65638433,-0.25668719,0.65714286,0.14285714,0.2,278,0.12589928,0.25725709,0.1628803,-0.02624029,0.10698029,-0.23592166,0.18344107,0.92973501
tariff_17,tariff_4,HIGH,30,0.06820211,0.67969792,-0.164991,0.53333333,0.03333333,0.43333333,194,0.15463918,-0.12852526,0.0321792,0.0045282,0.1020554,-0.19550039,0.20455679,0.67633424
tariff_17,tariff_4,LOW,4,0.77657836,1.57930956,0.23782682,0.5,0.0,0.5,28,0.14285714,1.02082216,0.35500524,0.93221457,0.47562091,-2.41e-06,1.86443156,0.36278335
tariff_17,tariff_4,MID,45,0.19499994,0.47283561,0.16740791,0.24444444,0.15555556,0.6,278,0.1618705,0.25725709,0.1628803,0.19684274,0.06943514,0.06074986,0.33293563,0.97040011
tariff_17,tariff_8,HIGH,114,-0.05073297,0.32307095,-0.04599114,0.39473684,0.33333333,0.27192982,194,0.58762887,-0.12852526,0.0321792,-0.0528851,0.02983688,-0.11136538,0.00559519,0.97233494
tariff_17,tariff_8,LOW,15,1.01227405,1.75823111,0.62277635,0.4,0.06666667,0.53333333,28,0.53571429,1.02082216,0.35500524,1.01541378,0.36110103,0.30765575,1.72317181,0.6326985
tariff_17,tariff_8,MID,127,0.49647265,0.83400269,0.33641159,0.1496063,0.07874016,0.77165354,278,0.45683453,0.25725709,0.1628803,0.48869069,0.07279207,0.34601822,0.63136315,0.96746884
tariff_17,tariff_9,LOW,4,2.16909546,1.66180908,3.0,0.25,0.0,0.75,28,0.14285714,1.02082216,0.35500524,1.4107591,0.48420101,0.46172513,2.35979307,0.33958548
tariff_17,tariff_9,MID,5,1.42515773,1.51855407,2.11871895,0.2,0.0,0.8,278,0.01798561,0.25725709,0.1628803,0.56206982,0.34694358,-0.1179396,1.24207923,0.260992
tariff_18,tariff_1,HIGH,8,-0.64197801,0.46549159,-0.80736445,0.875,0.0,0.125,322,0.02484472,-0.12852526,0.0321792,-0.40731776,0.12127105,-0.64500902,-0.1696265,0.54297596
tariff_18,tariff_1,LOW,4,-0.29571632,0.44174067,-0.40134815,0.75,0.0,0.25,52,0.07692308,1.02082216,0.35500524,-0.13665891,0.20709879,-0.54257254,0.26925472,0.87918514
tariff_18,tariff_1,MID,5,-0.67781375,0.11179387,-0.6408433,1.0,0.0,0.0,136,0.03676471,0.25725709,0.1628803,-0.66368096,0.04961648,-0.76092926,-0.56643267,0.98488586
tariff_18,tariff_10,HIGH,67,0.00139756,0.41010698,0.00736348,0.32835821,0.26865672,0.40298507,322,0.20807453,-0.12852526,0.0321792,-0.00800416,0.0482557,-0.10258532,0.086577,0.92763611
tariff_18,tariff_10,LOW,9,0.61261144,1.93123932,-1.0,0.55555556,0.0,0.44444444,52,0.17307692,1.02082216,0.35500524,0.83247517,0.43727231,-0.02457856,1.6895289,0.46139648
tariff_18,tariff_10,MID,27,0.56515222,1.12896339,0.4967719,0.22222222,0.07407407,0.7037037,136,0.19852941,0.25725709,0.1628803,0.49596892,0.19130818,0.12100489,0.87093294,0.77530237
tariff_18,tariff_11,HIGH,22,0.23036118,0.60383186,0.14291086,0.27272727,0.13636364,0.59090909,322,0.06832298,-0.12852526,0.0321792,0.10835849,0.10459088,-0.09663963,0.31335661,0.66005211
tariff_18,tariff_11,LOW,2,3.0,0.0,3.0,0.0,0.0,1.0,52,0.03846154,1.02082216,0.35500524,2.99999999,3.162e-05,2.99993801,3.00006198,1.0
tariff_18,tariff_11,MID,5,1.0258214,1.22550759,0.51935325,0.2,0.0,0.8,136,0.03676471,0.25725709,0.1628803,0.52748459,0.32497927,-0.10947479,1.16444397,0.35160037
tariff_18,tariff_12,HIGH,26,-0.0356837,0.29830551,-0.02674948,0.38461538,0.26923077,0.34615385,322,0.08074534,-0.12852526,0.0321792,-0.04460895,0.05561944,-0.15362304,0.06440514,0.9038658
tariff_18,tariff_12,LOW,1,3.0,,3.0,0.0,0.0,1.0,52,0.01923077,1.02082216,0.35500524,1.22903846,0.5636111,0.1243607,2.33371621,0.10520343
tariff_18,tariff_12,MID,6,1.24891696,1.37682701,0.56039101,0.0,0.16666667,0.83333333,136,0.04411765,0.25725709,0.1628803,0.59458855,0.32783159,-0.04796137,1.23713848,0.34016851
tariff_18,tariff_13,HIGH,23,-0.37346908,0.43050449,-0.43824653,0.82608696,0.08695652,0.08695652,322,0.07142857,-0.12852526,0.0321792,-0.32441601,0.08027633,-0.48175761,-0.16707441,0.79973746
tariff_18,tariff_13,LOW,6,1.23228155,1.94673318,1.39720491,0.5,0.0,0.5,52,0.11538462,1.02082216,0.35500524,1.09690835,0.47672754,0.16252237,2.03129433,0.35981467
tariff_18,tariff_13,MID,25,0.17945645,0.79912393,0.04314604,0.44,0.12,0.44,136,0.18382353,0.25725709,0.1628803,0.19000358,0.14859699,-0.10124651,0.48125368,0.8644338
tariff_18,tariff_4,HIGH,49,-0.15520468,0.35992367,-0.19897513,0.65306122,0.16326531,0.18367347,322,0.15217391,-0.12852526,0.0321792,-0.15317917,0.04942732,-0.25005671,-0.05630162,0.92407954
tariff_18,tariff_4,LOW,3,1.86318599,1.96901962,3.0,0.33333333,0.0,0.66666667,52,0.05769231,1.02082216,0.35500524,1.20235209,0.52773231,0.16799677,2.23670742,0.21550063
tariff_18,tariff_4,MID,15,0.50503939,1.30292536,0.34979694,0.4,0.06666667,0.53333333,136,0.11029412,0.25725709,0.1628803,0.40345591,0.25841082,-0.1030293,0.90994112,0.5900293
tariff_18,tariff_8,HIGH,127,-0.08742693,0.34884505,-0.04877322,0.41732283,0.37007874,0.21259843,322,0.39440994,-0.12852526,0.0321792,-0.08861534,0.03050416,-0.14840349,-0.02882719,0.97108369
tariff_18,tariff_8,LOW,14,2.06160457,1.66922011,3.0,0.21428571,0.0,0.78571429,52,0.26923077,1.02082216,0.35500524,1.68772762,0.35710979,0.98779243,2.3876628,0.64077318
tariff_18,tariff_8,MID,50,0.56271586,0.92438003,0.30532841,0.16,0.14,0.7,136,0.36764706,0.25725709,0.1628803,0.53371012,0.1243655,0.28995374,0.77746651,0.90504206
tariff_18,tariff_9,LOW,13,1.72089562,1.68469177,3.0,0.23076923,0.0,0.76923077,52,0.25,1.02082216,0.35500524,1.45430886,0.36767564,0.7336646,2.17495312,0.61920174
tariff_18,tariff_9,MID,3,0.98798149,1.97358171,0.90871973,0.33333333,0.0,0.66666667,136,0.02205882,0.25725709,0.1628803,0.33870989,0.38042643,-0.40692591,1.0843457,0.11146856
tariff_19,tariff_1,HIGH,3,-0.51252283,0.4236254,-0.30389811,1.0,0.0,0.0,61,0.04918033,-0.12852526,0.0321792,-0.2628395,0.14464991,-0.54635332,0.02067431,0.34977889
tariff_19,tariff_1,LOW,8,-0.5388547,0.44920127,-0.58756579,0.875,0.125,0.0,49,0.16326531,1.02082216,0.35500524,-0.4353923,0.15345864,-0.73617123,-0.13461337,0.93366421
tariff_19,tariff_1,MID,3,-0.46013549,0.75896625,-0.88067917,0.66666667,0.0,0.33333333,76,0.03947368,0.25725709,0.1628803,-0.07199717,0.29685824,-0.65383931,0.50984497,0.45895967
tariff_19,tariff_10,HIGH,2,-0.00335732,0.1314423,-0.00335732,0.0,1.0,0.0,61,0.03278689,-0.12852526,0.0321792,-0.02984747,0.08252458,-0.19159564,0.1319007,0.78836312
tariff_19,tariff_10,LOW,3,0.84883712,2.01706486,0.54651135,0.33333333,0.0,0.66666667,49,0.06122449,1.02082216,0.35500524,0.98514194,0.53042948,-0.05449985,2.02478372,0.20746118
tariff_19,tariff_10,MID,13,0.25525581,0.90850195,0.11728686,0.38461538,0.07692308,0.53846154,76,0.17105263,0.25725709,0.1628803,0.25581711,0.21373632,-0.16310607,0.67474029,0.71952893
tariff_19,tariff_11,HIGH,5,-0.01092768,0.91665299,0.17575259,0.4,0.0,0.6,61,0.08196721,-0.12852526,0.0321792,-0.10962599,0.16434,-0.4317324,0.21248041,0.16071139
tariff_19,tariff_11,LOW,3,-0.2202748,1.34768484,-0.99672086,0.66666667,0.0,0.33333333,49,0.06122449,1.02082216,0.35500524,0.56207039,0.47305729,-0.36512189,1.48926267,0.36963411
tariff_19,tariff_11,MID,4,0.3178227,1.84598534,-0.3643546,0.5,0.25,0.25,76,0.05263158,0.25725709,0.1628803,0.26697821,0.36977983,-0.45779025,0.99174667,0.1605055
tariff_19,tariff_12,HIGH,6,-0.22773216,0.38685627,-0.27416567,0.66666667,0.16666667,0.16666667,61,0.09836066,-0.12852526,0.0321792,-0.18441248,0.11853847,-0.41674788,0.04792292,0.56334003
tariff_19,tariff_13,HIGH,5,-0.4995009,0.22832297,-0.45449013,1.0,0.0,0.0,61,0.08196721,-0.12852526,0.0321792,-0.40871693,0.08874002,-0.58264736,-0.2347865,0.75528321
tariff_19,tariff_13,LOW,8,1.78190501,1.587598,2.67568978,0.125,0.0,0.875,49,0.16326531,1.02082216,0.35500524,1.42405011,0.40855911,0.62327426,2.22482596,0.52980822
tariff_19,tariff_13,MID,12,0.17736473,0.56563364,0.07396956,0.41666667,0.08333333,0.5,76,0.15789474,0.25725709,0.1628803,0.18860272,0.15136521,-0.10807309,0.48527853,0.85933581
tariff_19,tariff_21,LOW,1,3.0,,3.0,0.0,0.0,1.0,49,0.02040816,1.02082216,0.35500524,1.22903846,0.5636111,0.1243607,2.33371621,0.10520343
tariff_19,tariff_4,HIGH,5,-0.27573343,0.47660232,-0.22052315,0.6,0.0,0.4,61,0.08196721,-0.12852526,0.0321792,-0.18956241,0.13724682,-0.45856618,0.07944136,0.4146315
tariff_19,tariff_4,LOW,3,1.74528835,2.17322433,3.0,0.33333333,0.0,0.66666667,49,0.06122449,1.02082216,0.35500524,1.15412875,0.53822107,0.09921547,2.20904204,0.18400665
tariff_19,tariff_4,MID,16,0.2035204,1.14443966,-0.09108393,0.4375,0.125,0.4375,76,0.21052632,0.25725709,0.1628803,0.22149393,0.23340784,-0.23598544,0.67897329,0.66552605
tariff_19,tariff_8,HIGH,35,-0.29886402,0.36308384,-0.25178992,0.77142857,0.14285714,0.08571429,61,0.57377049,-0.12852526,0.0321792,-0.28101512,0.05806797,-0.39482833,-0.1672019,0.89521527
tariff_19,tariff_8,LOW,11,0.33610032,1.73632981,-0.41872759,0.63636364,0.09090909,0.27272727,49,0.2244898,1.02082216,0.35500524,0.63441792,0.39327807,-0.1364071,1.40524294,0.56432294
tariff_19,tariff_8,MID,21,0.76889417,1.11496129,0.68885411,0.14285714,0.14285714,0.71428571,76,0.27631579,0.25725709,0.1628803,0.63251188,0.20836859,0.22410944,1.04091433,0.7334394
tariff_19,tariff_9,LOW,12,1.10317862,1.985503,1.23820073,0.5,0.0,0.5,49,0.24489796,1.02082216,0.35500524,1.06359606,0.413067,0.25398474,1.87320738,0.51937513
tariff_19,tariff_9,MID,7,0.39335295,1.07864083,0.59076352,0.28571429,0.0,0.71428571,76,0.09210526,0.25725709,0.1628803,0.32461664,0.28681704,-0.23754476,0.88677804,0.49494191
tariff_2,tariff_1,HIGH,1,-0.69689496,,-0.69689496,1.0,0.0,0.0,28,0.03571429,-0.12852526,0.0321792,-0.19698848,0.16823508,-0.52672923,0.13275227,0.12045543
tariff_2,tariff_1,LOW,12,0.22550168,1.43022972,-0.22075548,0.58333333,0.16666667,0.25,81,0.14814815,1.02082216,0.35500524,0.4835054,0.33935893,-0.18163811,1.14864891,0.67559779
tariff_2,tariff_1,MID,20,-0.51664287,0.43426187,-0.62379159,0.8,0.1,0.1,298,0.06711409,0.25725709,0.1628803,-0.47429329,0.09440965,-0.65933621,-0.28925037,0.94527771
tariff_2,tariff_10,HIGH,2,0.04878511,0.36577788,0.04878511,0.5,0.0,0.5,28,0.07142857,-0.12852526,0.0321792,-0.07093604,0.14740289,-0.3598457,0.21797362,0.32479333
tariff_2,tariff_10,LOW,6,1.66850447,2.06274696,3.0,0.33333333,0.0,0.66666667,81,0.07407407,1.02082216,0.35500524,1.23688999,0.4863897,0.28356618,2.19021379,0.33360156
tariff_2,tariff_10,MID,30,0.29712717,0.69580214,0.27687246,0.26666667,0.1,0.63333333,298,0.10067114,0.25725709,0.1628803,0.29353299,0.12117434,0.05603127,0.5310347,0.90985269
tariff_2,tariff_11,HIGH,1,-0.21382639,,-0.21382639,1.0,0.0,0.0,28,0.03571429,-0.12852526,0.0321792,-0.13880025,0.16823508,-0.468541,0.1909405,0.12045543
tariff_2,tariff_11,MID,4,0.38616794,0.81813641,0.17292817,0.25,0.0,0.75,298,0.01342282,0.25725709,0.1628803,0.32084265,0.28729643,-0.24225836,0.88394365,0.49325218
tariff_2,tariff_12,MID,5,0.62197024,1.26768628,0.39457873,0.2,0.2,0.6,298,0.01677852,0.25725709,0.1628803,0.37992136,0.32878358,-0.26449445,1.02433717,0.33633081
tariff_2,tariff_13,HIGH,3,-0.07787106,0.48966626,-0.23444145,0.66666667,0.0,0.33333333,28,0.10714286,-0.12852526,0.0321792,-0.11398503,0.15146682,-0.41085999,0.18288993,0.2870489
tariff_2,tariff_13,LOW,15,2.20394871,1.37308899,3.0,0.13333333,0.06666667,0.8,81,0.18518519,1.02082216,0.35500524,1.89458734,0.3046736,1.29742708,2.49174759,0.73852216
tariff_2,tariff_13,MID,58,0.0801792,0.64750336,-0.02437865,0.37931034,0.24137931,0.37931034,298,0.19463087,0.25725709,0.1628803,0.08770397,0.08319529,-0.0753588,0.25076674,0.95750587
tariff_2,tariff_21,LOW,13,1.02378088,1.83596414,0.49594161,0.38461538,0.07692308,0.53846154,81,0.16049383,1.02082216,0.35500524,1.02253203,0.38709849,0.26381898,1.78124507,0.57790696
tariff_2,tariff_21,MID,3,-0.52207941,0.47048881,-0.50684585,0.66666667,0.33333333,0.0,298,0.01006711,0.25725709,0.1628803,-0.27910256,0.22534827,-0.72078516,0.16258004,0.68822602
tariff_2,tariff_4,HIGH,5,0.01399565,0.38903246,0.13020854,0.2,0.2,0.6,28,0.17857143,-0.12852526,0.0321792,-0.05508535,0.12488999,-0.29986973,0.18969903,0.5152922
tariff_2,tariff_4,LOW,4,0.80677627,1.68574084,0.60269752,0.25,0.0,0.75,81,0.04938272,1.02082216,0.35500524,0.94950166,0.48653552,-0.00410797,1.90311128,0.33320191
tariff_2,tariff_4,MID,23,0.46614816,0.91896199,0.43841205,0.26086957,0.13043478,0.60869565,298,0.07718121,0.25725709,0.1628803,0.42772151,0.17309741,0.08845059,0.76699244,0.81604459
tariff_2,tariff_8,HIGH,16,0.01707505,0.45136488,-0.05091548,0.4375,0.1875,0.375,28,0.57142857,-0.12852526,0.0321792,-0.02420424,0.09551521,-0.21141406,0.16300558,0.71648904
tariff_2,tariff_8,LOW,17,0.86514789,1.4375719,0.50113936,0.29411765,0.05882353,0.64705882,81,0.20987654,1.02082216,0.35500524,0.90485787,0.30092538,0.31504412,1.49467163,0.7449162
tariff_2,tariff_8,MID,113,0.36202439,0.90450836,0.28776251,0.32743363,0.03539823,0.63716814,298,0.37919463,0.25725709,0.1628803,0.35756561,0.08325866,0.19437865,0.52075258,0.95744112
tariff_2,tariff_9,LOW,14,1.10615844,1.87204888,1.30057229,0.42857143,0.0,0.57142857,81,0.17283951,1.02082216,0.35500524,1.07086883,0.3831545,0.31988602,1.82185165,0.58646422
tariff_2,tariff_9,MID,42,0.17002007,0.6789214,0.22034522,0.23809524,0.11904762,0.64285714,298,0.1409396,0.25725709,0.1628803,0.17552692,0.10139946,-0.02321602,0.37426986,0.93687481
tariff_20,tariff_1,HIGH,11,-0.74591016,0.34038419,-0.84262721,0.90909091,0.0,0.09090909,169,0.06508876,-0.12852526,0.0321792,-0.59366216,0.08908107,-0.76826106,-0.41906326,0.75339856
tariff_20,tariff_1,LOW,4,0.51806668,1.38274178,0.29952119,0.25,0.25,0.5,21,0.19047619,1.02082216,0.35500524,0.80655919,0.45134252,-0.07807214,1.69119052,0.4261773
tariff_20,tariff_1,MID,9,-0.14739014,1.13095426,-0.70749297,0.66666667,0.0,0.33333333,67,0.13432836,0.25725709,0.1628803,0.04116025,0.27549246,-0.49880496,0.58112547,0.53403762
tariff_20,tariff_10,HIGH,17,0.08817884,0.40151769,0.12560013,0.29411765,0.17647059,0.52941176,169,0.10059172,-0.12852526,0.0321792,0.03885214,0.08558449,-0.12889346,0.20659775,0.77237765
tariff_20,tariff_10,LOW,2,1.89369388,1.56455312,1.89369388,0.0,0.0,1.0,21,0.0952381,1.02082216,0.35500524,1.21707931,0.52458135,0.18889987,2.24525875,0.22484077
tariff_20,tariff_10,MID,5,0.16636241,1.10153703,0.53250242,0.4,0.0,0.6,67,0.07462687,0.25725709,0.1628803,0.22075187,0.31219245,-0.39114534,0.83264907,0.40162117
tariff_20,tariff_11,HIGH,8,0.04721115,0.51452273,0.19884455,0.25,0.125,0.625,169,0.04733728,-0.12852526,0.0321792,-0.04188548,0.12772837,-0.29223309,0.20846213,0.49300987
tariff_20,tariff_11,LOW,1,-1.0,,-1.0,1.0,0.0,0.0,21,0.04761905,1.02082216,0.35500524,0.80822473,0.5636111,-0.29645302,1.91290249,0.10520343
tariff_20,tariff_11,MID,2,0.4323353,0.00110493,0.4323353,0.0,0.0,1.0,67,0.02985075,0.25725709,0.1628803,0.43233464,0.0007813,0.43080329,0.43386599,0.99999625
tariff_20,tariff_12,HIGH,9,-0.08093836,0.61055008,0.0216456,0.44444444,0.11111111,0.44444444,169,0.05325444,-0.12852526,0.0321792,-0.10771895,0.13457176,-0.3714796,0.1560417,0.43722783
tariff_20,tariff_12,LOW,1,-0.81070223,,-0.81070223,1.0,0.0,0.0,21,0.04761905,1.02082216,0.35500524,0.82813951,0.5636111,-0.27653825,1.93281726,0.10520343
tariff_20,tariff_12,MID,3,0.35934246,1.39696529,0.28691458,0.33333333,0.0,0.66666667,67,0.04477612,0.25725709,0.1628803,0.2776997,0.36092036,-0.4297042,0.9851036,0.20025012
tariff_20,tariff_13,HIGH,17,-0.27508955,0.36297319,-0.40669427,0.76470588,0.11764706,0.11764706,169,0.10059172,-0.12852526,0.0321792,-0.24664245,0.0790301,-0.40154145,-0.09174345,0.80590701
tariff_20,tariff_13,LOW,5,2.15128358,0.98694167,2.58345605,0.0,0.0,1.0,21,0.23809524,1.02082216,0.35500524,1.75073856,0.35466242,1.05560022,2.44587691,0.64568007
tariff_20,tariff_13,MID,8,-0.14843867,0.23707719,-0.07674535,0.5,0.375,0.125,67,0.11940299,0.25725709,0.1628803,-0.13166294,0.08206816,-0.29251654,0.02919065,0.95864949
tariff_20,tariff_4,HIGH,29,-0.22055292,0.3193785,-0.24683317,0.72413793,0.17241379,0.10344828,169,0.17159763,-0.12852526,0.0321792,-0.21148504,0.05630945,-0.32185156,-0.10111852,0.90146573
tariff_20,tariff_4,LOW,2,-0.98520477,0.02092361,-0.98520477,1.0,0.0,0.0,21,0.0952381,1.02082216,0.35500524,-0.9839686,0.01479067,-1.01295831,-0.95497889,0.99938377
tariff_20,tariff_4,MID,8,-0.31593124,0.52453901,-0.05151974,0.5,0.25,0.25,67,0.11940299,0.25725709,0.1628803,-0.21600136,0.16851296,-0.54628676,0.11428405,0.82565959
tariff_20,tariff_8,HIGH,78,-0.05419338,0.23166618,-0.08570907,0.42307692,0.38461538,0.19230769,169,0.46153846,-0.12852526,0.0321792,-0.0557495,0.02595501,-0.10662131,-0.00487768,0.97906528
tariff_20,tariff_8,LOW,4,1.72585948,1.72939658,2.2824901,0.25,0.0,0.75,21,0.19047619,1.02082216,0.35500524,1.24780143,0.49062723,0.28617206,2.2094308,0.32193937
tariff_20,tariff_8,MID,31,0.40850722,0.84578229,0.13714305,0.25806452,0.12903226,0.61290323,67,0.46268657,0.25725709,0.1628803,0.38973822,0.14216965,0.11108572,0.66839073,0.8759076
tariff_20,tariff_9,LOW,2,1.01833586,2.8024963,1.01833586,0.5,0.0,0.5,21,0.0952381,1.02082216,0.35500524,1.02061603,0.57059006,-0.09774049,2.13897255,0.08290645
tariff_20,tariff_9,MID,1,1.95570624,,1.95570624,0.0,0.0,1.0,67,0.01492537,0.25725709,0.1628803,0.50680791,0.372758,-0.22379776,1.23741358,0.14692864
tariff_3,tariff_1,HIGH,3,-0.66139595,0.47447472,-0.8651043,1.0,0.0,0.0,137,0.02189781,-0.12852526,0.0321792,-0.28845016,0.15007196,-0.58259121,0.00569089,0.30011951
tariff_3,tariff_1,LOW,8,-0.21564821,1.4947956,-0.97730222,0.75,0.0,0.25,101,0.07920792,1.02082216,0.35500524,0.32880161,0.39537068,-0.44612491,1.10372814,0.55967418
tariff_3,tariff_1,MID,21,-0.51035361,0.89452763,-0.85183717,0.80952381,0.0952381,0.0952381,447,0.04697987,0.25725709,0.1628803,-0.36482528,0.17572662,-0.70924945,-0.02040111,0.81041388
tariff_3,tariff_10,HIGH,19,-0.21970508,0.54723611,-0.19904183,0.57894737,0.10526316,0.31578947,137,0.13868613,-0.12852526,0.0321792,-0.1897279,0.10285695,-0.39132753,0.01187173,0.6712301
tariff_3,tariff_10,LOW,5,2.16106366,1.76909794,3.0,0.2,0.0,0.8,101,0.04950495,1.02082216,0.35500524,1.43347627,0.47595023,0.50061382,2.36633872,0.36190063
tariff_3,tariff_10,MID,31,0.5867005,1.47078519,0.43448141,0.38709677,0.0,0.61290323,447,0.06935123,0.25725709,0.1628803,0.48789217,0.22102463,0.0546839,0.92110043,0.70007494
tariff_3,tariff_11,HIGH,11,-0.13982687,0.49840044,-0.28090157,0.54545455,0.0,0.45454545,137,0.08029197,-0.12852526,0.0321792,-0.13516639,0.1151948,-0.36094819,0.09061541,0.58762677
tariff_3,tariff_11,LOW,2,3.0,0.0,3.0,0.0,0.0,1.0,101,0.01980198,1.02082216,0.35500524,2.99999999,3.162e-05,2.99993801,3.00006198,1.0
tariff_3,tariff_11,MID,29,0.57267269,1.28762836,0.59575025,0.37931034,0.06896552,0.55172414,447,0.06487696,0.25725709,0.1628803,0.49072431,0.20571355,0.08752575,0.89392287,0.74018918
tariff_3,tariff_12,HIGH,10,0.15034284,0.58722162,0.12550825,0.4,0.1,0.5,137,0.0729927,-0.12852526,0.0321792,0.0060902,0.12901794,-0.24678496,0.25896535,0.48272091
tariff_3,tariff_12,LOW,5,-0.09413678,1.74479473,-1.0,0.8,0.0,0.2,101,0.04950495,1.02082216,0.35500524,0.6101677,0.47355254,-0.31799528,1.53833069,0.36831352
tariff_3,tariff_12,MID,8,0.4430033,1.42396374,0.25423201,0.375,0.125,0.5,447,0.01789709,0.25725709,0.1628803,0.32992473,0.31489406,-0.28726763,0.94711709,0.39122001
tariff_3,tariff_13,HIGH,5,-0.32009472,0.14775055,-0.26896603,1.0,0.0,0.0,137,0.03649635,-0.12852526,0.0321792,-0.297208,0.06200351,-0.41873488,-0.17568111,0.88053042
tariff_3,tariff_13,LOW,6,0.99016875,1.71991316,1.12811782,0.33333333,0.0,0.66666667,101,0.05940594,1.02082216,0.35500524,1.0079898,0.45430204,0.11755781,1.8984218,0.41862734
tariff_3,tariff_13,MID,32,0.18787705,0.82716772,0.11996582,0.34375,0.125,0.53125,447,0.07158837,0.25725709,0.1628803,0.19592781,0.13747865,-0.07353036,0.46538597,0.88396153
tariff_3,tariff_21,LOW,2,-1.0,0.0,-1.0,1.0,0.0,0.0,101,0.01980198,1.02082216,0.35500524,-0.99999999,3.162e-05,-1.00006197,-0.99993801,1.0
tariff_3,tariff_21,MID,8,-0.00962436,0.99784749,-0.14516086,0.5,0.125,0.375,447,0.01789709,0.25725709,0.1628803,0.10597529,0.26561545,-0.414631,0.62658157,0.56685022
tariff_3,tariff_4,HIGH,6,-0.41689205,0.34023462,-0.30672083,0.83333333,0.16666667,0.0,137,0.04379562,-0.12852526,0.0321792,-0.30880442,0.10982545,-0.52406231,-0.09354653,0.62517308
tariff_3,tariff_4,LOW,15,-0.07770137,1.38906573,-0.74152319,0.66666667,0.0,0.33333333,101,0.14851485,1.02082216,0.35500524,0.21447329,0.30727977,-0.38779507,0.81674165,0.73402967
tariff_3,tariff_4,MID,47,0.13832736,1.12059053,-0.17500105,0.53191489,0.08510638,0.38297872,447,0.10514541,0.25725709,0.1628803,0.15508656,0.15150105,-0.1418555,0.45202861,0.85908322
tariff_3,tariff_8,HIGH,83,-0.07951331,0.54869984,-0.01336798,0.42168675,0.24096386,0.3373494,137,0.60583942,-0.12852526,0.0321792,-0.08447844,0.05709552,-0.19638567,0.02742878,0.89869547
tariff_3,tariff_8,LOW,27,0.59569133,1.82684255,-0.51903667,0.55555556,0.0,0.44444444,101,0.26732673,1.02082216,0.35500524,0.70548529,0.30279264,0.11201172,1.29895886,0.74174077
tariff_3,tariff_8,MID,241,0.58359047,1.33729869,0.45266837,0.36929461,0.04564315,0.58506224,447,0.53914989,0.25725709,0.1628803,0.56937097,0.0842453,0.40425017,0.73449176,0.95642646
tariff_3,tariff_9,LOW,31,1.0874979,1.85830215,1.0336782,0.41935484,0.03225806,0.5483871,101,0.30693069,1.02082216,0.35500524,1.07157292,0.29118758,0.50084526,1.64230058,0.76115787
tariff_3,tariff_9,MID,30,0.16847961,0.80972418,0.26789073,0.33333333,0.06666667,0.6,447,0.06711409,0.25725709,0.1628803,0.17898242,0.13881477,-0.09309454,0.45105937,0.88169508
tariff_4,tariff_1,HIGH,21,-0.56183698,0.33471784,-0.63961445,0.95238095,0.0,0.04761905,488,0.04303279,-0.12852526,0.0321792,-0.50021402,0.06764858,-0.63280524,-0.36762279,0.85778606
tariff_4,tariff_1,LOW,3,0.84923194,1.1762741,1.02375682,0.33333333,0.0,0.66666667,92,0.0326087,1.02082216,0.35500524,0.9461903,0.44788215,0.06834128,1.82403932,0.43494236
tariff_4,tariff_1,MID,37,-0.47865101,0.61966429,-0.77679001,0.75675676,0.08108108,0.16216216,670,0.05522388,0.25725709,0.1628803,-0.43457108,0.09877407,-0.62816825,-0.24097391,0.94010131
tariff_4,tariff_10,HIGH,45,-0.13202371,0.42184853,-0.1448207,0.53333333,0.13333333,0.33333333,488,0.09221311,-0.12852526,0.0321792,-0.13164083,0.0593446,-0.24795624,-0.01532542,0.89055721
tariff_4,tariff_10,LOW,17,1.00190412,1.89119476,0.62767986,0.41176471,0.0,0.58823529,92,0.18478261,1.02082216,0.35500524,1.00894372,0.36345729,0.29656744,1.72132001,0.62788943
tariff_4,tariff_10,MID,58,0.10921404,0.95164713,0.18634622,0.39655172,0.0862069,0.51724138,670,0.08656716,0.25725709,0.1628803,0.12216455,0.11936682,-0.11179442,0.35612352,0.91252203
tariff_4,tariff_11,HIGH,32,-0.1561757,0.61792478,-0.20792776,0.59375,0.15625,0.25,488,0.06557377,-0.12852526,0.0321792,-0.14869621,0.09329808,-0.33156045,0.03416804,0.72949817
tariff_4,tariff_11,LOW,13,-0.72784799,0.5654748,-0.97066629,0.92307692,0.0,0.07692308,92,0.14130435,1.02082216,0.35500524,-0.61453956,0.1516682,-0.91180924,-0.31726988,0.93520309
tariff_4,tariff_11,MID,41,0.334291,1.18595566,0.21618226,0.41463415,0.04878049,0.53658537,670,0.06119403,0.25725709,0.1628803,0.32088926,0.1683348,-0.00904695,0.65082548,0.82602804
tariff_4,tariff_12,HIGH,19,0.00627547,0.55390217,0.0567208,0.31578947,0.26315789,0.42105263,488,0.03893443,-0.12852526,0.0321792,-0.03876628,0.10369292,-0.2420044,0.16447185,0.66586423
tariff_4,tariff_12,LOW,9,0.19784739,1.3629203,-0.28983635,0.55555556,0.0,0.44444444,92,0.09782609,1.02082216,0.35500524,0.50040816,0.36126878,-0.20767865,1.20849496,0.63235717
tariff_4,tariff_12,MID,13,-0.37794405,0.83925697,-0.56187715,0.69230769,0.07692308,0.23076923,670,0.01940299,0.25725709,0.1628803,-0.21939066,0.20163523,-0.61459571,0.1758144,0.75038869
tariff_4,tariff_13,HIGH,31,-0.46819692,0.32523239,-0.45517847,0.90322581,0.06451613,0.03225806,488,0.06352459,-0.12852526,0.0321792,-0.43563268,0.05554289,-0.54449674,-0.32676863,0.90413024
tariff_4,tariff_13,LOW,8,1.41882976,1.49433949,1.48390728,0.125,0.0,0.875,92,0.08695652,1.02082216,0.35500524,1.2436366,0.39530314,0.46884244,2.01843076,0.5598246
tariff_4,tariff_13,MID,100,-0.04877355,0.68819139,-0.18309858,0.58,0.13,0.29,670,0.14925373,0.25725709,0.1628803,-0.04012652,0.06783991,-0.17309276,0.09283971,0.97174456
tariff_4,tariff_21,LOW,3,0.74251283,1.95504127,-0.38590391,0.66666667,0.0,0.33333333,92,0.0326087,1.02082216,0.35500524,0.96017318,0.52691816,-0.0725864,1.99293276,0.21791931
tariff_4,tariff_21,MID,2,0.64454371,0.44551402,0.64454371,0.0,0.0,1.0,670,0.00298507,0.25725709,0.1628803,0.49791389,0.24833,0.01118708,0.9846407,0.62139197
tariff_4,tariff_8,HIGH,340,-0.13688781,0.3759762,-0.0825442,0.47352941,0.32058824,0.20588235,488,0.69672131,-0.12852526,0.0321792,-0.13678114,0.02025971,-0.17649018,-0.0970721,0.98724468
tariff_4,tariff_8,LOW,22,0.21699317,1.55853663,-0.59806908,0.59090909,0.0,0.40909091,92,0.23913043,1.02082216,0.35500524,0.40768572,0.29020334,-0.16111283,0.97648426,0.76276976
tariff_4,tariff_8,MID,408,0.39450547,0.92760063,0.29210789,0.27696078,0.07598039,0.64705882,670,0.60895522,0.25725709,0.1628803,0.39275113,0.04562863,0.30331902,0.48218325,0.98721778
tariff_4,tariff_9,LOW,17,2.26356228,1.37992974,3.0,0.11764706,0.0,0.88235294,92,0.18478261,1.02082216,0.35500524,1.96549636,0.29179872,1.39357087,2.53742185,0.76015426
tariff_4,tariff_9,MID,11,0.99051936,1.2196165,1.1588695,0.18181818,0.09090909,0.72727273,670,0.01641791,0.25725709,0.1628803,0.65790198,0.27181729,0.12514009,1.19066388,0.54638689
tariff_5,tariff_1,HIGH,9,-0.74094116,0.32279797,-0.8276952,1.0,0.0,0.0,101,0.08910891,-0.12852526,0.0321792,-0.57890206,0.09227293,-0.759757,-0.39804712,0.73541003
tariff_5,tariff_1,LOW,10,-0.38447423,1.21813402,-0.79054381,0.9,0.0,0.1,133,0.07518797,1.02082216,0.35500524,0.02976692,0.32348939,-0.60427228,0.66380612,0.70522862
tariff_5,tariff_1,MID,18,-0.28837014,1.26644121,-0.8695796,0.77777778,0.0,0.22222222,188,0.09574468,0.25725709,0.1628803,-0.09543116,0.23999172,-0.56581493,0.37495261,0.64639048
tariff_5,tariff_10,HIGH,32,0.02437242,0.66839565,0.01939865,0.375,0.21875,0.40625,101,0.31683168,-0.12852526,0.0321792,-0.02189108,0.09867483,-0.21529375,0.1715116,0.69742186
tariff_5,tariff_10,LOW,32,0.1725831,1.62932721,-0.95223725,0.65625,0.03125,0.3125,133,0.2406015,1.02082216,0.35500524,0.33325712,0.25931705,-0.17500431,0.84151855,0.81057932
tariff_5,tariff_10,MID,36,-0.21672645,1.0344232,-0.58285449,0.63888889,0.11111111,0.25,188,0.19148936,0.25725709,0.1628803,-0.14357999,0.15854382,-0.45432587,0.1671659,0.84567721
tariff_5,tariff_11,HIGH,18,0.04912992,0.90123069,-0.00218314,0.38888889,0.16666667,0.44444444,101,0.17821782,-0.12852526,0.0321792,-0.05457148,0.13705377,-0.32319687,0.21405391,0.41627711
tariff_5,tariff_11,LOW,9,-0.54743269,1.33050646,-1.0,0.88888889,0.0,0.11111111,133,0.06766917,1.02082216,0.35500524,0.01168804,0.35576388,-0.68560918,0.70898525,0.64347585
tariff_5,tariff_11,MID,15,-0.08221422,1.23773154,-0.86556955,0.6,0.06666667,0.33333333,188,0.07978723,0.25725709,0.1628803,0.0486132,0.25054292,-0.44245092,0.53967732,0.61461422
tariff_5,tariff_12,HIGH,10,-0.74365655,0.3567965,-0.99677094,1.0,0.0,0.0,101,0.0990099,-0.12852526,0.0321792,-0.56928724,0.09550778,-0.75648249,-0.382092,0.71653319
tariff_5,tariff_12,LOW,8,-0.84707787,0.27930539,-1.0,1.0,0.0,0.0,133,0.06015038,1.02082216,0.35500524,-0.79714126,0.09742044,-0.98808532,-0.6061972,0.97326591
tariff_5,tariff_12,MID,17,-0.20225446,1.1488496,-0.68326001,0.64705882,0.05882353,0.29411765,188,0.09042553,0.25725709,0.1628803,-0.05392592,0.22929703,-0.5033481,0.39549627,0.67720388
tariff_5,tariff_13,HIGH,6,-0.46875964,0.3367378,-0.48433612,0.83333333,0.16666667,0.0,101,0.05940594,-0.12852526,0.0321792,-0.34287364,0.1091157,-0.55674041,-0.12900687,0.63000212
tariff_5,tariff_13,LOW,36,1.22874351,1.65280031,1.46543748,0.27777778,0.02777778,0.69444444,133,0.27067669,1.02082216,0.35500524,1.19212726,0.25003727,0.70205422,1.68220031,0.82389377
tariff_5,tariff_13,MID,43,-0.04392808,0.74799141,-0.20430949,0.53488372,0.11627907,0.34883721,188,0.2287234,0.25725709,0.1628803,-0.0216482,0.10976755,-0.23679259,0.1934962,0.92602596
tariff_5,tariff_21,LOW,1,-1.0,,-1.0,1.0,0.0,0.0,133,0.0075188,1.02082216,0.35500524,0.80822473,0.5636111,-0.29645302,1.91290249,0.10520343
tariff_5,tariff_21,MID,4,-0.37989423,1.24021155,-1.0,0.75,0.0,0.25,188,0.0212766,0.25725709,0.1628803,0.06767502,0.33825413,-0.59530308,0.73065312,0.29754638
tariff_5,tariff_4,HIGH,13,-0.60281717,0.40516459,-0.59132187,0.92307692,0.0,0.07692308,101,0.12871287,-0.12852526,0.0321792,-0.46915093,0.09523041,-0.65580252,-0.28249934,0.71817727
tariff_5,tariff_4,LOW,20,0.8776156,1.72122522,0.44424981,0.4,0.05,0.55,133,0.15037594,1.02082216,0.35500524,0.91977776,0.32329379,0.28612193,1.55343359,0.70558498
tariff_5,tariff_4,MID,32,0.39965447,1.24096988,0.02120514,0.40625,0.125,0.46875,188,0.17021277,0.25725709,0.1628803,0.36717711,0.1927408,-0.01059485,0.74494908,0.77192445
tariff_5,tariff_8,HIGH,13,-0.03016504,0.96193325,-0.09933709,0.46153846,0.15384615,0.38461538,101,0.12871287,-0.12852526,0.0321792,-0.09790186,0.1488642,-0.38967568,0.19387197,0.31133934
tariff_5,tariff_8,LOW,6,1.69357063,1.94482625,2.89072044,0.33333333,0.0,0.66666667,133,0.04511278,1.02082216,0.35500524,1.26319075,0.47655935,0.32913442,2.19724709,0.36026629
tariff_5,tariff_8,MID,21,-0.05881276,1.06408905,-0.21515629,0.52380952,0.0,0.47619048,188,0.11170213,0.25725709,0.1628803,0.01979458,0.20126781,-0.37469032,0.41427949,0.75129755
tariff_5,tariff_9,LOW,11,0.63804868,1.90455452,-0.95323502,0.54545455,0.0,0.45454545,133,0.08270677,1.02082216,0.35500524,0.82237872,0.41347049,0.01197655,1.63278088,0.51843571
tariff_5,tariff_9,MID,2,-0.40088973,0.50488301,-0.40088973,0.5,0.5,0.0,188,0.0106383,0.25725709,0.1628803,-0.11197026,0.26739993,-0.63607413,0.41213361,0.56101062
tariff_6,tariff_1,HIGH,4,-0.67644846,0.62582968,-0.98395129,0.75,0.0,0.25,52,0.07692308,-0.12852526,0.0321792,-0.26405503,0.15562654,-0.56908304,0.04097298,0.24735175
tariff_6,tariff_1,LOW,13,0.89252868,1.4416139,0.63785595,0.23076923,0.07692308,0.69230769,132,0.09848485,1.02082216,0.35500524,0.93236333,0.33200574,0.28163208,1.58309457,0.68950371
tariff_6,tariff_1,MID,10,-0.59414907,0.49465364,-0.89144178,0.8,0.1,0.1,101,0.0990099,0.25725709,0.1628803,-0.48295313,0.14585132,-0.76882171,-0.19708455,0.86939731
tariff_6,tariff_10,HIGH,9,-0.48116648,0.48244482,-0.56875366,0.88888889,0.0,0.11111111,52,0.17307692,-0.12852526,0.0321792,-0.32403847,0.11974238,-0.55873354,-0.08934339,0.55442527
tariff_6,tariff_10,LOW,21,-0.08638081,1.45914787,-1.0,0.66666667,0.04761905,0.28571429,132,0.15909091,1.02082216,0.35500524,0.15958173,0.2808266,-0.39083841,0.71000186,0.77785235
tariff_6,tariff_10,MID,25,0.11066721,1.40009566,-0.64804561,0.64,0.04,0.32,101,0.24752475,0.25725709,0.1628803,0.15830354,0.23006545,-0.29262475,0.60923183,0.67503675
tariff_6,tariff_11,HIGH,11,0.08334152,0.51830127,0.22853927,0.27272727,0.18181818,0.54545455,52,0.21153846,-0.12852526,0.0321792,-0.00807257,0.11783187,-0.23902303,0.22287789,0.56853034
tariff_6,tariff_11,LOW,7,0.06785631,1.41570856,-0.59905346,0.57142857,0.0,0.42857143,132,0.0530303,1.02082216,0.35500524,0.49330734,0.39811038,-0.28698901,1.27360368,0.5535506
tariff_6,tariff_11,MID,10,0.83568633,1.45041251,0.61278073,0.3,0.2,0.5,101,0.0990099,0.25725709,0.1628803,0.50967436,0.30298836,-0.08418283,1.10353154,0.436384
tariff_6,tariff_12,HIGH,8,-0.25935764,1.24214709,-1.0,0.625,0.0,0.375,52,0.15384615,-0.12852526,0.0321792,-0.14723296,0.16606596,-0.47272224,0.17825631,0.14298983
tariff_6,tariff_12,LOW,3,1.66666667,2.30940108,3.0,0.33333333,0.0,0.66666667,132,0.02272727,1.02082216,0.35500524,1.12832404,0.54397981,0.06212361,2.19452447,0.16645164
tariff_6,tariff_12,MID,2,-0.19840721,1.13362339,-0.19840721,0.5,0.0,0.5,101,0.01980198,0.25725709,0.1628803,0.16510927,0.36047391,-0.54141959,0.87163813,0.20222743
tariff_6,tariff_13,HIGH,6,-0.48046385,0.58593236,-0.5720025,0.83333333,0.0,0.16666667,52,0.11538462,-0.12852526,0.0321792,-0.25520616,0.14351391,-0.53649342,0.02608109,0.35995173
tariff_6,tariff_13,LOW,37,1.45616212,1.74556698,2.31793609,0.32432432,0.0,0.67567568,132,0.28030303,1.02082216,0.35500524,1.37419039,0.25854441,0.86744336,1.88093743,0.81170641
tariff_6,tariff_13,MID,28,-0.34120555,0.61845973,-0.47574946,0.64285714,0.07142857,0.28571429,101,0.27722772,0.25725709,0.1628803,-0.29489745,0.11226496,-0.51493677,-0.07485814,0.92262158
tariff_6,tariff_21,MID,1,-0.7999991,,-0.7999991,1.0,0.0,0.0,101,0.00990099,0.25725709,0.1628803,0.10191589,0.372758,-0.62868979,0.83252156,0.14692864
tariff_6,tariff_4,HIGH,10,-0.47957738,0.51682173,-0.56791893,0.9,0.0,0.1,52,0.19230769,-0.12852526,0.0321792,-0.32035137,0.12081165,-0.55714221,-0.08356053,0.546432
tariff_6,tariff_4,LOW,23,1.56618583,1.67375095,2.49905388,0.26086957,0.0,0.73913043,132,0.17424242,1.02082216,0.35500524,1.426871,0.30114313,0.83663047,2.01711153,0.74454692
tariff_6,tariff_4,MID,13,0.06377121,0.93997301,-0.1481965,0.61538462,0.0,0.38461538,101,0.12871287,0.25725709,0.1628803,0.12073712,0.21898641,-0.30847624,0.54995048,0.70558105
tariff_6,tariff_8,HIGH,3,-0.59856791,0.37022444,-0.73972339,1.0,0.0,0.0,52,0.05769231,-0.12852526,0.0321792,-0.32277211,0.13740825,-0.59209229,-0.05345194,0.41325367
tariff_6,tariff_8,LOW,10,1.03442563,1.78653376,0.57182742,0.3,0.1,0.6,132,0.07575758,1.02082216,0.35500524,1.02798543,0.4099606,0.22446266,1.8315082,0.52657687
tariff_6,tariff_8,MID,9,0.30358674,1.27450482,0.45348023,0.44444444,0.0,0.55555556,101,0.08910891,0.25725709,0.1628803,0.27923425,0.29260146,-0.2942646,0.8527331,0.47436486
tariff_6,tariff_9,HIGH,1,-0.15518819,,-0.15518819,1.0,0.0,0.0,52,0.01923077,-0.12852526,0.0321792,-0.13173696,0.16823508,-0.46147771,0.19800379,0.12045543
tariff_6,tariff_9,LOW,18,0.48876573,1.64528134,-0.29067853,0.55555556,0.0,0.44444444,132,0.13636364,1.02082216,0.35500524,0.64708643,0.32501798,0.01005119,1.28412166,0.70243627
tariff_6,tariff_9,MID,3,-0.12872426,1.49656006,-0.98550697,0.66666667,0.0,0.33333333,101,0.02970297,0.25725709,0.1628803,0.18812833,0.36566194,-0.52856906,0.90482573,0.17909871
tariff_7,tariff_1,HIGH,6,-0.77156751,0.36120533,-0.98981118,1.0,0.0,0.0,86,0.06976744,-0.12852526,0.0321792,-0.51226077,0.11391339,-0.73553102,-0.28899053,0.59675008
tariff_7,tariff_1,LOW,4,0.38622787,1.86027168,-0.23290715,0.5,0.0,0.5,70,0.05714286,1.02082216,0.35500524,0.8361868,0.50171344,-0.14717155,1.81954515,0.29095024
tariff_7,tariff_1,MID,14,-0.41422968,0.68393699,-0.69196212,0.78571429,0.07142857,0.14285714,104,0.13461538,0.25725709,0.1628803,-0.29993183,0.1665078,-0.62628712,0.02642346,0.82978392
tariff_7,tariff_10,HIGH,26,-0.11150475,0.63242311,-0.04637262,0.46153846,0.11538462,0.42307692,86,0.30232558,-0.12852526,0.0321792,-0.11700969,0.10201817,-0.3169653,0.08294593,0.67657035
tariff_7,tariff_10,LOW,16,0.15623702,1.52537052,-0.62146859,0.625,0.0,0.375,70,0.22857143,1.02082216,0.35500524,0.40748198,0.32119012,-0.22205066,1.03701462,0.70940402
tariff_7,tariff_10,MID,31,-0.07843298,1.2661252,-0.51956166,0.67741935,0.0,0.32258065,104,0.29807692,0.25725709,0.1628803,0.00246094,0.19811757,-0.38584949,0.39077137,0.759022
tariff_7,tariff_11,HIGH,8,-0.02281694,0.73466414,-0.12179854,0.5,0.125,0.375,86,0.09302326,-0.12852526,0.0321792,-0.0943882,0.14760544,-0.38369485,0.19491846,0.32293641
tariff_7,tariff_11,LOW,3,-0.88112725,0.20124822,-0.99461512,1.0,0.0,0.0,70,0.04285714,1.02082216,0.35500524,-0.81144891,0.11404252,-1.03497224,-0.58792558,0.96336478
tariff_7,tariff_11,MID,6,0.1152707,1.21265642,-0.3322135,0.66666667,0.0,0.33333333,104,0.05769231,0.25725709,0.1628803,0.20056957,0.31281138,-0.41254074,0.81367987,0.39924621
tariff_7,tariff_12,HIGH,6,0.34081279,1.45956121,0.09077999,0.33333333,0.16666667,0.5,86,0.06976744,-0.12852526,0.0321792,-0.08952304,0.17177047,-0.42619315,0.24714707,0.0831005
tariff_7,tariff_12,LOW,4,2.16642121,1.66715757,3.0,0.25,0.0,0.75,70,0.05714286,1.02082216,0.35500524,1.40820154,0.48472853,0.45813362,2.35826946,0.33814569
tariff_7,tariff_12,MID,2,0.68386017,0.12069777,0.68386017,0.0,0.0,1.0,104,0.01923077,0.25725709,0.1628803,0.66559919,0.08349959,0.50194,0.82925838,0.95719445
tariff_7,tariff_13,HIGH,5,-0.63570112,0.3639649,-0.56730588,1.0,0.0,0.0,86,0.05813953,-0.12852526,0.0321792,-0.40668443,0.12054297,-0.64294866,-0.1704202,0.54844719
tariff_7,tariff_13,LOW,9,1.00514452,1.83895495,0.22084598,0.33333333,0.11111111,0.55555556,70,0.12857143,1.02082216,0.35500524,1.01320587,0.42724902,0.1757978,1.85061395,0.48580555
tariff_7,tariff_13,MID,18,-0.26734366,0.66668439,-0.39041024,0.66666667,0.05555556,0.27777778,104,0.17307692,0.25725709,0.1628803,-0.19828364,0.14643105,-0.4852885,0.08872123,0.86835699
tariff_7,tariff_21,LOW,1,-1.0,,-1.0,1.0,0.0,0.0,70,0.01428571,1.02082216,0.35500524,0.80822473,0.5636111,-0.29645302,1.91290249,0.10520343
tariff_7,tariff_21,MID,2,-0.90569942,0.13335226,-0.90569942,1.0,0.0,0.0,104,0.01923077,0.25725709,0.1628803,-0.84550136,0.09182138,-1.02547127,-0.66553144,0.94823704
tariff_7,tariff_4,HIGH,15,-0.34985932,0.797427,-0.55195098,0.93333333,0.0,0.06666667,86,0.1744186,-0.12852526,0.0321792,-0.2240352,0.13525255,-0.48913019,0.0410598,0.43151938
tariff_7,tariff_4,LOW,10,0.61208159,1.94769757,-0.70321395,0.6,0.0,0.4,70,0.14285714,1.02082216,0.35500524,0.82322769,0.42823784,-0.01611848,1.66257386,0.4834227
tariff_7,tariff_4,MID,15,0.58578037,1.34111798,0.29702641,0.33333333,0.06666667,0.6,104,0.14423077,0.25725709,0.1628803,0.44648082,0.26280043,-0.06860803,0.96156966,0.5759827
tariff_7,tariff_8,HIGH,20,-0.37482122,0.59401372,-0.46525713,0.75,0.05,0.2,86,0.23255814,-0.12852526,0.0321792,-0.28760431,0.1067479,-0.49683019,-0.07837843,0.64588574
tariff_7,tariff_8,LOW,3,0.33333333,2.30940108,-1.0,0.66666667,0.0,0.33333333,70,0.04285714,1.02082216,0.35500524,0.90638851,0.54397981,-0.15981192,1.97258894,0.16645164
tariff_7,tariff_8,MID,13,-0.09462358,1.11035086,-0.47441982,0.61538462,0.0,0.38461538,104,0.125,0.25725709,0.1628803,0.03486433,0.24482242,-0.44498761,0.51471626,0.63201189
tariff_7,tariff_9,LOW,20,1.63674389,1.70145757,2.81810761,0.25,0.05,0.7,70,0.28571429,1.02082216,0.35500524,1.45834907,0.32066071,0.82985408,2.08684405,0.71036121
tariff_7,tariff_9,MID,3,-0.44362511,0.64299754,-0.78137236,0.66666667,0.0,0.33333333,104,0.02884615,0.25725709,0.1628803,-0.12239566,0.27322438,-0.65791544,0.41312412,0.54167841
tariff_8,tariff_1,HIGH,49,-0.61570464,0.44142595,-0.74921864,0.85714286,0.06122449,0.08163265,896,0.0546875,-0.12852526,0.0321792,-0.56212131,0.05949193,-0.67872548,-0.44551713,0.89001314
tariff_8,tariff_1,LOW,7,0.14277566,1.08440411,-0.08558554,0.42857143,0.14285714,0.42857143,130,0.05384615,1.02082216,0.35500524,0.42481116,0.33768402,-0.23704953,1.08667185,0.67879207
tariff_8,tariff_1,MID,63,-0.49575892,0.65045452,-0.7478146,0.77777778,0.01587302,0.20634921,770,0.08181818,0.25725709,0.1628803,-0.4659407,0.08031064,-0.62334955,-0.30853184,0.9604016
tariff_8,tariff_10,HIGH,283,0.02036122,0.49090325,0.00138026,0.35335689,0.23321555,0.41342756,896,0.31584821,-0.12852526,0.0321792,0.01652289,0.02880256,-0.03993014,0.07297592,0.97421975
tariff_8,tariff_10,LOW,30,0.44277427,1.74358324,-0.60890731,0.6,0.0,0.4,130,0.23076923,1.02082216,0.35500524,0.57113676,0.28077248,0.0208227,1.12145083,0.77793796
tariff_8,tariff_10,MID,182,0.40923258,1.17139109,0.31764843,0.37362637,0.04395604,0.58241758,770,0.23636364,0.25725709,0.1628803,0.40250922,0.08488691,0.23613089,0.56888756,0.95576023
tariff_8,tariff_11,HIGH,133,0.02651622,0.56542595,-0.04708462,0.44360902,0.19548872,0.36090226,896,0.1484375,-0.12852526,0.0321792,0.01573954,0.04729401,-0.07695673,0.1084358,0.93049164
tariff_8,tariff_11,LOW,16,0.67186588,1.78432606,0.27353565,0.4375,0.0625,0.5,130,0.12307692,1.02082216,0.35500524,0.79720725,0.35709116,0.09730859,1.49710592,0.64081067
tariff_8,tariff_11,MID,99,0.24335962,1.1980356,0.03215426,0.46464646,0.05050505,0.48484848,770,0.12857143,0.25725709,0.1628803,0.24449552,0.11538154,0.01834771,0.47064333,0.91826575
tariff_8,tariff_12,HIGH,113,0.02834829,0.62159825,-0.06565484,0.43362832,0.18584071,0.38053097,896,0.12611607,-0.12852526,0.0321792,0.01328018,0.05559582,-0.09568763,0.12224799,0.90394742
tariff_8,tariff_12,LOW,10,-0.23405388,1.32735918,-0.99996115,0.7,0.0,0.3,130,0.07692308,1.02082216,0.35500524,0.1821681,0.34314642,-0.49039889,0.85473508,0.66831626
tariff_8,tariff_12,MID,55,0.08839527,1.23717767,-0.41520588,0.54545455,0.07272727,0.38181818,770,0.07142857,0.25725709,0.1628803,0.11303639,0.15416962,-0.18913606,0.41520884,0.85407523
tariff_8,tariff_13,HIGH,113,-0.45619713,0.26469281,-0.4958064,0.87610619,0.07964602,0.04424779,896,0.12611607,-0.12852526,0.0321792,-0.45000299,0.02466373,-0.4983439,-0.40166207,0.9810965
tariff_8,tariff_13,LOW,15,1.27932443,1.61946339,2.06483734,0.26666667,0.06666667,0.66666667,130,0.11538462,1.02082216,0.35500524,1.19402169,0.3422683,0.52317582,1.86486757,0.67001165
tariff_8,tariff_13,MID,164,-0.11877669,0.52303406,-0.19269967,0.61585366,0.12804878,0.25609756,770,0.21298701,0.25725709,0.1628803,-0.11496472,0.04063456,-0.19460845,-0.03532099,0.9898627
tariff_8,tariff_21,HIGH,1,-0.20954719,,-0.20954719,1.0,0.0,0.0,896,0.00111607,-0.12852526,0.0321792,-0.13828479,0.16823508,-0.46802555,0.19145596,0.12045543
tariff_8,tariff_21,LOW,6,1.17838572,2.00733413,1.34369637,0.5,0.0,0.5,130,0.04615385,1.02082216,0.35500524,1.07531028,0.48191127,0.1307642,2.01985637,0.34581679
tariff_8,tariff_21,MID,10,-0.33199189,1.02463541,-0.94860245,0.8,0.0,0.2,770,0.01298701,0.25725709,0.1628803,-0.10104262,0.25266388,-0.59626383,0.3941786,0.60806165
tariff_8,tariff_4,HIGH,204,-0.18148597,0.40936155,-0.16815071,0.55882353,0.23529412,0.20588235,896,0.22767857,-0.12852526,0.0321792,-0.18016766,0.02830208,-0.23563973,-0.12469559,0.97510791
tariff_8,tariff_4,LOW,20,0.78327824,1.92311955,-0.5641983,0.55,0.0,0.45,130,0.15384615,1.02082216,0.35500524,0.86463493,0.34869208,0.18119847,1.5480714,0.65750882
tariff_8,tariff_4,MID,178,-0.10588471,0.78845784,-0.13921705,0.53370787,0.11797753,0.34831461,770,0.23116883,0.25725709,0.1628803,-0.09826163,0.05847384,-0.21287035,0.01634709,0.97900796
tariff_8,tariff_9,LOW,26,2.41515488,1.38804691,3.0,0.15384615,0.0,0.84615385,130,0.2,1.02082216,0.35500524,2.17436699,0.24760049,1.68907003,2.65966395,0.82730959
tariff_8,tariff_9,MID,19,0.27132045,1.25780196,0.1947871,0.47368421,0.0,0.52631579,770,0.02467532,0.25725709,0.1628803,0.2665631,0.23473213,-0.19351188,0.72663808,0.66171985
tariff_9,tariff_1,HIGH,4,-0.75366615,0.25342748,-0.76408204,1.0,0.0,0.0,31,0.12903226,-0.12852526,0.0321792,-0.54557295,0.10349697,-0.748427,-0.3427189,0.66712591
tariff_9,tariff_1,LOW,44,0.04131968,1.08915824,-0.28695583,0.63636364,0.11363636,0.25,120,0.36666667,1.02082216,0.35500524,0.11045665,0.15829594,-0.19980339,0.42071669,0.92941624
tariff_9,tariff_1,MID,44,-0.36351511,0.69578005,-0.63778411,0.72727273,0.04545455,0.22727273,233,0.1888412,0.25725709,0.1628803,-0.32423552,0.10152,-0.52321472,-0.12525633,0.93672464
tariff_9,tariff_10,HIGH,4,-0.62118002,0.36299683,-0.76132086,0.75,0.25,0.0,31,0.12903226,-0.12852526,0.0321792,-0.3719685,0.12758521,-0.62203552,-0.12190148,0.4941457
tariff_9,tariff_10,LOW,3,0.73043815,2.05377476,0.19131445,0.33333333,0.0,0.66666667,120,0.025,1.02082216,0.35500524,0.96228285,0.53238967,-0.08120091,2.00576661,0.20159273
tariff_9,tariff_10,MID,11,0.13375922,0.84412656,0.5193806,0.36363636,0.0,0.63636364,233,0.0472103,0.25725709,0.1628803,0.16889907,0.2152804,-0.25305051,0.59084865,0.71546192
tariff_9,tariff_11,HIGH,7,0.27205431,0.89179972,0.00999418,0.42857143,0.14285714,0.42857143,31,0.22580645,-0.12852526,0.0321792,-0.04011085,0.15835634,-0.35048927,0.27026756,0.22071623
tariff_9,tariff_11,LOW,4,1.34759939,1.99066034,1.69517577,0.25,0.0,0.75,120,0.03333333,1.02082216,0.35500524,1.10702913,0.51122544,0.10502726,2.10903099,0.26380959
tariff_9,tariff_11,MID,11,0.11150425,1.13264789,-0.17194305,0.54545455,0.18181818,0.27272727,233,0.0472103,0.25725709,0.1628803,0.17232081,0.26069739,-0.33864608,0.6832877,0.58274187
tariff_9,tariff_12,LOW,2,-0.99320613,0.00960798,-0.99320613,1.0,0.0,0.0,120,0.01666667,1.02082216,0.35500524,-0.99294431,0.00679343,-1.00625943,-0.97962918,0.99987
tariff_9,tariff_12,MID,10,-0.30752116,0.72871809,-0.61151355,0.7,0.0,0.3,233,0.04291845,0.25725709,0.1628803,-0.16866125,0.20011689,-0.56089035,0.22356785,0.75413375
tariff_9,tariff_13,HIGH,2,-0.69129506,0.2836709,-0.69129506,1.0,0.0,0.0,31,0.06451613,-0.12852526,0.0321792,-0.3786086,0.13371397,-0.64068798,-0.11652923,0.44437946
tariff_9,tariff_13,LOW,18,1.58695639,1.43175079,1.70621066,0.16666667,0.0,0.83333333,120,0.15,1.02082216,0.35500524,1.44945358,0.29363882,0.87392149,2.02498567,0.75711976
tariff_9,tariff_13,MID,49,0.17556474,0.7734977,-0.01322107,0.44897959,0.16326531,0.3877551,233,0.21030043,0.25725709,0.1628803,0.18126167,0.10657713,-0.0276295,0.39015283,0.93026361
tariff_9,tariff_4,HIGH,2,-0.12852863,0.04641893,-0.12852863,0.5,0.5,0.0,31,0.06451613,-0.12852526,0.0321792,-0.12852852,0.03228711,-0.19181125,-0.06524579,0.96760463
tariff_9,tariff_4,LOW,12,0.96138427,1.88885561,0.63021641,0.41666667,0.0,0.58333333,120,0.1,1.02082216,0.35500524,0.9884749,0.40224923,0.20006641,1.77688338,0.54421958
tariff_9,tariff_4,MID,37,0.45225463,1.28625926,0.37596881,0.37837838,0.08108108,0.54054054,233,0.15879828,0.25725709,0.1628803,0.41025297,0.18730654,0.04313215,0.7773738,0.78460415
tariff_9,tariff_8,HIGH,12,-0.11114829,0.47050131,-0.11034712,0.5,0.16666667,0.33333333,31,0.38709677,-0.12852526,0.0321792,-0.11748019,0.1082848,-0.32971839,0.09475802,0.63561563
tariff_9,tariff_8,LOW,37,1.23257721,1.6890429,0.63948511,0.32432432,0.05405405,0.62162162,120,0.30833333,1.02082216,0.35500524,1.19479222,0.25168665,0.70148638,1.68809805,0.82156272
tariff_9,tariff_8,MID,71,0.40625687,1.25496692,0.14323888,0.35211268,0.12676056,0.52112676,233,0.30472103,0.25725709,0.1628803,0.38839721,0.13972627,0.11453371,0.66226071,0.88013633
